Year,Species,Number,Whole_Wt_ metric_tons,Region,Management Area,RI_Area
2014,Steelhead,104,0,Southeastern,A,SEAK
2009,Steelhead,2,0,Southeastern,B,SEAK
2013,Steelhead,1,0,Southeastern,B,SEAK
1998,Steelhead,15,0,Southeastern,C,SEAK
2009,Steelhead,2,0,Central,E,PWS
2011,Steelhead,1,0,Central,E,PWS
2004,Pink,6,0,A-Y-K,X,WAK
2006,Chinook,9,0,A-Y-K,X,WAK
2007,Chinook,15,0,A-Y-K,X,WAK
2007,Pink,3,0,A-Y-K,X,WAK
2008,Chinook,4,0,A-Y-K,X,WAK
2008,Coho,36,0,A-Y-K,X,WAK
2008,Sockeye,9,0,A-Y-K,X,WAK
2009,Chinook,11,0,A-Y-K,X,WAK
2009,Coho,31,0,A-Y-K,X,WAK
2009,Pink,47,0,A-Y-K,X,WAK
2009,Sockeye,17,0,A-Y-K,X,WAK
2010,Chinook,15,0,A-Y-K,X,WAK
2010,Coho,8,0,A-Y-K,X,WAK
2010,Pink,570,0,A-Y-K,X,WAK
2010,Sockeye,8,0,A-Y-K,X,WAK
2011,Chinook,36,0,A-Y-K,X,WAK
2011,Coho,25,0,A-Y-K,X,WAK
2011,Pink,98,0,A-Y-K,X,WAK
2011,Sockeye,10,0,A-Y-K,X,WAK
2012,Chinook,7,0,A-Y-K,X,WAK
2012,Coho,18,0,A-Y-K,X,WAK
2012,Pink,445,0,A-Y-K,X,WAK
2012,Sockeye,6,0,A-Y-K,X,WAK
2013,Chinook,16,0,A-Y-K,X,WAK
2013,Coho,43,0,A-Y-K,X,WAK
2013,Pink,42,0,A-Y-K,X,WAK
2013,Sockeye,13,0,A-Y-K,X,WAK
2014,Chinook,20,0,A-Y-K,X,WAK
2014,Coho,33,0,A-Y-K,X,WAK
2014,Pink,405,0,A-Y-K,X,WAK
2014,Sockeye,17,0,A-Y-K,X,WAK
2014,Steelhead,522,0,A-Y-K,X,WAK
2011,Pink,4,0,A-Y-K,Y,WAK
2011,Sockeye,10,0,A-Y-K,Y,WAK
2012,Chinook,2548,0,A-Y-K,Y,WAK
2012,Pink,1,0,A-Y-K,Y,WAK
2013,Chinook,1639,0,A-Y-K,Y,WAK
2014,Chinook,6451,0,A-Y-K,Y,WAK
2015,Chinook,13331,0,A-Y-K,Y,WAK
2015,Sockeye,3,0,A-Y-K,Y,WAK
2009,Chinook,84,0,A-Y-K,Z,WAK
2012,Chinook,201,0,A-Y-K,Z,WAK
2013,Chinook,151,0,A-Y-K,Z,WAK
2007,Steelhead,11,0,Southeastern,C,SEAK
2006,Pink,41,0,A-Y-K,W,WAK
2005,Steelhead,1,0,Southeastern,B,SEAK
2015,Steelhead,2,0,Westward,M,SPen
2009,Sockeye,3,0,A-Y-K,Y,WAK
2004,Steelhead,1,0,Central,T,WAK
1999,Pink,2,0,A-Y-K,W,WAK
2004,Sockeye,1,0,A-Y-K,Y,WAK
2012,Sockeye,1,0,A-Y-K,Y,WAK
2012,Steelhead,2,0,Southeastern,B,SEAK
2011,Steelhead,1,0,Southeastern,B,SEAK
2014,Steelhead,1,0,Central,E,PWS
1996,Sockeye,1,0,A-Y-K,Z,WAK
2007,Pink,9,0,A-Y-K,W,WAK
1998,Coho,1,0,A-Y-K,Y,WAK
2015,Steelhead,11,0,Southeastern,A,SEAK
2002,Steelhead,2,0,Southeastern,C,SEAK
2002,Sockeye,1,0,A-Y-K,Z,WAK
2015,Steelhead,2,0.01,Southeastern,B,SEAK
2001,Steelhead,4,0.01,Southeastern,D,SEAK
1989,Sockeye,1,0.01,A-Y-K,Y,WAK
2014,Pink,3,0.01,A-Y-K,W,WAK
2006,Steelhead,24,0.01,Southeastern,C,SEAK
1990,Sockeye,2,0.01,A-Y-K,Y,WAK
2014,Steelhead,1,0.01,Southeastern,B,SEAK
2003,Chinook,9,0.01,A-Y-K,X,WAK
2004,Steelhead,2,0.01,Southeastern,C,SEAK
1993,Coho,4,0.01,Westward,F,WAK
2011,Pink,13,0.01,A-Y-K,W,WAK
2004,Sockeye,3,0.01,A-Y-K,X,WAK
2006,Sockeye,3,0.01,A-Y-K,Z,WAK
2008,Sockeye,3,0.01,A-Y-K,Y,WAK
2008,Steelhead,10,0.01,Southeastern,C,SEAK
2013,Pink,7,0.01,A-Y-K,W,WAK
1997,Pink,10,0.01,A-Y-K,W,WAK
1995,Steelhead,4,0.01,Southeastern,B,SEAK
2009,Steelhead,7,0.01,Southeastern,D,SEAK
2013,Steelhead,41,0.01,Southeastern,A,SEAK
2005,Steelhead,3,0.01,Southeastern,C,SEAK
2015,Chinook,5,0.01,A-Y-K,X,WAK
2004,Chinook,22,0.01,A-Y-K,Z,WAK
1990,Sockeye,10881,0.02,Southeastern,D,SEAK
1996,Steelhead,0,0.02,Southeastern,D,SEAK
2008,Steelhead,6,0.02,Southeastern,D,SEAK
2009,Pink,28,0.02,A-Y-K,W,WAK
2003,Steelhead,2,0.02,Southeastern,D,SEAK
1998,Sockeye,7,0.02,A-Y-K,Z,WAK
2013,Steelhead,12,0.02,Southeastern,D,SEAK
2010,Steelhead,11,0.02,Southeastern,C,SEAK
1996,Pink,20,0.02,Westward,F,WAK
1997,Pink,20,0.02,A-Y-K,Z,WAK
2002,Chinook,5,0.02,A-Y-K,Z,WAK
2005,Sockeye,12,0.02,A-Y-K,Z,WAK
1996,Chinook,3,0.02,A-Y-K,X,WAK
2007,Steelhead,13,0.02,Southeastern,D,SEAK
1996,Steelhead,7,0.03,Southeastern,B,SEAK
2015,Steelhead,9,0.03,Southeastern,D,SEAK
1989,Pink,17,0.03,A-Y-K,Y,WAK
2011,Steelhead,13,0.03,Southeastern,A,SEAK
2000,Chinook,3,0.03,A-Y-K,X,WAK
2008,Pink,37,0.03,A-Y-K,W,WAK
2001,Chinook,6,0.03,A-Y-K,X,WAK
2002,Steelhead,3,0.03,Southeastern,D,SEAK
2009,Steelhead,11,0.03,Southeastern,C,SEAK
1994,Chinook,4,0.03,A-Y-K,X,WAK
2010,Steelhead,12,0.03,Southeastern,D,SEAK
2000,Pink,24,0.03,A-Y-K,W,WAK
1990,Pink,1884338,0.04,Southeastern,A,SEAK
1994,Sockeye,16,0.04,Westward,F,WAK
1998,Steelhead,2,0.04,Southeastern,D,SEAK
2010,Steelhead,42,0.04,Southeastern,A,SEAK
1999,Chinook,5,0.04,A-Y-K,X,WAK
2011,Steelhead,16,0.04,Southeastern,C,SEAK
1995,Chinook,5,0.04,A-Y-K,X,WAK
1993,Sockeye,24,0.04,Westward,F,WAK
2006,Steelhead,11,0.04,Southeastern,D,SEAK
1985,Steelhead,13,0.05,Central,T,WAK
2005,Chinook,7,0.05,A-Y-K,X,WAK
2012,Pink,18,0.05,A-Y-K,W,WAK
2000,Steelhead,6,0.05,Southeastern,C,SEAK
2000,Steelhead,10,0.05,Southeastern,B,SEAK
2012,Steelhead,21,0.05,Southeastern,D,SEAK
2000,Sockeye,14,0.05,A-Y-K,Z,WAK
2003,Sockeye,21,0.05,A-Y-K,Z,WAK
2011,Steelhead,27,0.06,Southeastern,D,SEAK
2000,Steelhead,4,0.06,Southeastern,D,SEAK
2003,Chinook,12,0.06,A-Y-K,Z,WAK
2013,Steelhead,21,0.07,Southeastern,C,SEAK
1999,Steelhead,4,0.07,Southeastern,D,SEAK
2002,Steelhead,39,0.07,Southeastern,A,SEAK
1989,Steelhead,23,0.07,Southeastern,D,SEAK
2010,Pink,42,0.07,A-Y-K,W,WAK
2012,Steelhead,35,0.08,Southeastern,A,SEAK
2014,Steelhead,77,0.09,Southeastern,C,SEAK
2005,Pink,53,0.09,A-Y-K,W,WAK
1990,Coho,827562,0.09,Southeastern,A,SEAK
2007,Chinook,19,0.09,A-Y-K,Z,WAK
2009,Steelhead,45,0.1,Southeastern,A,SEAK
2014,Steelhead,41,0.1,Southeastern,D,SEAK
1987,Pink,57,0.1,Central,T,WAK
1999,Pink,71,0.1,Central,T,WAK
2012,Steelhead,38,0.1,Southeastern,C,SEAK
1990,Chum,585295,0.1,Southeastern,D,SEAK
1993,Steelhead,3,0.11,Southeastern,D,SEAK
2015,Steelhead,32,0.11,Westward,K,Kod
2004,Sockeye,47,0.12,A-Y-K,Z,WAK
2003,Pink,147,0.12,A-Y-K,X,WAK
1993,Pink,80,0.12,A-Y-K,W,WAK
1992,Coho,42,0.12,Westward,F,WAK
1995,Steelhead,0,0.12,Southeastern,D,SEAK
2005,Steelhead,54,0.12,Southeastern,D,SEAK
2004,Coho,37,0.13,Westward,L,SPen
2006,Chinook,20,0.13,A-Y-K,Z,WAK
1994,Steelhead,0,0.15,Southeastern,D,SEAK
1994,Steelhead,36,0.15,Southeastern,B,SEAK
1985,Steelhead,29,0.16,Southeastern,D,SEAK
2001,Sockeye,44,0.16,A-Y-K,Z,WAK
2003,Steelhead,47,0.16,Southeastern,A,SEAK
1993,Pink,145,0.17,Westward,F,WAK
1997,Pink,110,0.17,Central,T,WAK
1988,Steelhead,42,0.17,Southeastern,D,SEAK
1985,Pink,111,0.18,A-Y-K,W,WAK
1989,Pink,123,0.2,A-Y-K,Z,WAK
2015,Steelhead,340,0.21,Southeastern,C,SEAK
2008,Steelhead,60,0.21,Southeastern,A,SEAK
1987,Steelhead,55,0.22,Southeastern,D,SEAK
1994,Sockeye,80,0.24,A-Y-K,Z,WAK
1990,Chinook,32,0.24,A-Y-K,X,WAK
1991,Steelhead,75,0.25,Southeastern,D,SEAK
2009,Sockeye,126,0.26,A-Y-K,Z,WAK
2004,Steelhead,108,0.27,Southeastern,D,SEAK
1987,Chinook,44,0.27,A-Y-K,X,WAK
1987,Pink,163,0.28,A-Y-K,W,WAK
2001,Steelhead,80,0.28,Southeastern,A,SEAK
1997,Chinook,45,0.29,A-Y-K,X,WAK
2012,Sockeye,135,0.32,A-Y-K,Z,WAK
1991,Chinook,44,0.32,A-Y-K,X,WAK
2010,Sockeye,103,0.33,A-Y-K,Z,WAK
1997,Steelhead,11,0.33,Southeastern,D,SEAK
1994,Coho,5994,0.34,A-Y-K,Y,WAK
2005,Steelhead,106,0.37,Southeastern,A,SEAK
2006,Steelhead,103,0.38,Southeastern,A,SEAK
2008,Sockeye,149,0.4,A-Y-K,Z,WAK
1995,Sockeye,128,0.42,A-Y-K,Z,WAK
1993,Chinook,55,0.44,A-Y-K,X,WAK
2008,Chinook,83,0.44,A-Y-K,Z,WAK
2011,Chinook,4590,0.45,A-Y-K,Y,WAK
2007,Steelhead,131,0.45,Southeastern,A,SEAK
1995,Steelhead,128,0.47,Southeastern,C,SEAK
1991,Pink,305,0.47,Central,T,WAK
2014,Chinook,289,0.49,A-Y-K,Z,WAK
1992,Steelhead,25,0.49,Southeastern,D,SEAK
1997,Sockeye,161,0.5,A-Y-K,Z,WAK
1985,Chinook,63,0.5,A-Y-K,X,WAK
1992,Sockeye,231,0.52,Westward,F,WAK
1985,Sockeye,166,0.52,A-Y-K,Z,WAK
2001,Pink,428,0.53,Central,T,WAK
1995,Pink,321,0.53,A-Y-K,W,WAK
2003,Pink,244,0.54,Central,T,WAK
2004,Steelhead,169,0.55,Southeastern,A,SEAK
1994,Steelhead,142,0.58,Southeastern,C,SEAK
2004,Chinook,128,0.6,A-Y-K,X,WAK
1997,Steelhead,201,0.62,Southeastern,A,SEAK
1993,Pink,413,0.63,Central,T,WAK
1987,Sockeye,207,0.64,A-Y-K,Z,WAK
1989,Chinook,87,0.65,A-Y-K,X,WAK
1998,Steelhead,186,0.65,Southeastern,A,SEAK
2013,Sockeye,247,0.65,A-Y-K,Z,WAK
1996,Steelhead,170,0.66,Southeastern,C,SEAK
1991,Sockeye,203,0.67,A-Y-K,Z,WAK
2013,Pink,416,0.68,Central,T,WAK
1986,Steelhead,158,0.71,Southeastern,D,SEAK
1986,Chinook,101,0.75,A-Y-K,X,WAK
2011,Chinook,185,0.75,A-Y-K,Z,WAK
2009,Pink,514,0.75,Central,T,WAK
1993,Steelhead,182,0.76,Southeastern,C,SEAK
1989,Pink,438,0.76,Central,T,WAK
1992,Steelhead,214,0.76,Southeastern,C,SEAK
1995,Pink,471,0.76,Central,T,WAK
2008,Pink,922,0.76,A-Y-K,X,WAK
2000,Steelhead,211,0.77,Southeastern,A,SEAK
2010,Chinook,140,0.77,A-Y-K,Z,WAK
1991,Steelhead,215,0.77,Southeastern,C,SEAK
1991,Steelhead,213,0.78,Southeastern,A,SEAK
1986,Sockeye,233,0.8,A-Y-K,Z,WAK
1985,Pink,457,0.82,Central,T,WAK
1989,Sockeye,265,0.84,A-Y-K,Z,WAK
1990,Pink,743,0.85,A-Y-K,Y,WAK
1993,Steelhead,247,0.85,Southeastern,A,SEAK
1991,Pink,588,0.9,A-Y-K,W,WAK
1990,Chinook,115366,0.91,Southeastern,D,SEAK
1989,Chinook,106,0.92,Westward,K,Kod
1992,Chum,308,0.93,Westward,F,WAK
2002,Pink,528,0.93,Central,T,WAK
2011,Pink,667,0.96,Central,T,WAK
1993,Sockeye,284,0.96,A-Y-K,Z,WAK
1988,Chinook,152,0.96,A-Y-K,X,WAK
2014,Sockeye,519,0.98,A-Y-K,Z,WAK
1999,Steelhead,275,1.02,Southeastern,A,SEAK
1992,Sockeye,296,1.02,A-Y-K,Z,WAK
2011,Sockeye,369,1.09,A-Y-K,Z,WAK
1992,Steelhead,310,1.11,Southeastern,A,SEAK
1995,Steelhead,321,1.12,Southeastern,A,SEAK
2005,Chinook,151,1.14,A-Y-K,Z,WAK
1987,Steelhead,364,1.19,Southeastern,A,SEAK
1988,Steelhead,266,1.19,Central,E,PWS
1993,Chum,563,1.22,Westward,F,WAK
1992,Chinook,204,1.23,A-Y-K,X,WAK
1989,Pink,819,1.27,A-Y-K,W,WAK
1994,Pink,896,1.34,Westward,F,WAK
1998,Chinook,210,1.35,A-Y-K,X,WAK
1988,Pink,1057,1.44,A-Y-K,Y,WAK
1990,Sockeye,434,1.46,A-Y-K,Z,WAK
2007,Pink,937,1.48,Central,T,WAK
1989,Steelhead,480,1.59,Southeastern,A,SEAK
2004,Chum,505,1.73,Westward,L,SPen
2001,Chinook,213,1.73,A-Y-K,Z,WAK
1989,Steelhead,431,1.74,Southeastern,C,SEAK
1987,Steelhead,508,1.8,Southeastern,C,SEAK
1996,Steelhead,524,1.81,Southeastern,A,SEAK
1985,Steelhead,516,1.89,Southeastern,A,SEAK
2009,Chinook,4068,1.9,A-Y-K,Y,WAK
1986,Steelhead,561,1.92,Southeastern,A,SEAK
1988,Steelhead,494,1.97,Southeastern,A,SEAK
2002,Chum,601,2.07,A-Y-K,Z,WAK
1990,Pink,1469221,2.07,Southeastern,D,SEAK
1988,Steelhead,611,2.13,Southeastern,C,SEAK
1994,Steelhead,659,2.35,Southeastern,A,SEAK
1990,Chinook,92259,2.52,Southeastern,B,SEAK
1996,Pink,1682,2.9,A-Y-K,W,WAK
1987,Pink,2260,3.03,A-Y-K,Z,WAK
2013,Chinook,582,3.25,Westward,M,WAK
2004,Pink,2380,3.44,Westward,L,SPen
2015,Pink,2151,3.53,Central,T,WAK
1985,Steelhead,1036,3.73,Southeastern,C,SEAK
1990,Coho,930071,3.8,Southeastern,B,SEAK
2007,Sockeye,1154,3.83,A-Y-K,Z,WAK
1988,Sockeye,1252,3.9,A-Y-K,Z,WAK
1990,Chum,798477,3.94,Southeastern,B,SEAK
1991,Steelhead,1082,4.1,Southeastern,B,SEAK
2005,Pink,2684,4.22,Central,T,WAK
1993,Steelhead,1063,4.23,Southeastern,B,SEAK
1998,Pink,2720,4.73,A-Y-K,W,WAK
2007,Pink,3769,4.78,A-Y-K,Z,WAK
2015,Chinook,1288,4.86,A-Y-K,Z,WAK
1986,Steelhead,1352,4.89,Southeastern,C,SEAK
2000,Chinook,752,5.1,A-Y-K,Z,WAK
1985,Pink,3647,5.2,A-Y-K,Z,WAK
1989,Chum,1624,5.39,Westward,L,SPen
1985,Pink,3144,5.41,Westward,M,WAK
1999,Coho,1837,5.41,A-Y-K,Y,WAK
2005,Pink,3841,5.6,Westward,M,WAK
2014,Chinook,908,5.81,Westward,M,WAK
1987,Pink,3486,5.81,Westward,M,WAK
2002,Coho,1764,5.88,A-Y-K,Z,WAK
1999,Pink,4367,5.94,Westward,M,WAK
2002,Chinook,1521,6.38,Westward,L,SPen
1991,Pink,4249,6.63,Westward,M,WAK
2008,Chinook,970,6.72,Westward,L,SPen
2013,Pink,5315,6.98,Westward,M,WAK
1993,Pink,5328,7.47,Westward,M,WAK
2012,Chinook,1053,7.83,Westward,M,WAK
1992,Pink,6284,8.27,A-Y-K,Z,WAK
2011,Pink,7141,8.97,A-Y-K,Z,WAK
1989,Steelhead,2279,8.99,Southeastern,B,SEAK
2008,Sockeye,3690,9.17,Southeastern,D,SEAK
2003,Chum,3560,10.74,A-Y-K,Z,WAK
1987,Steelhead,2694,10.86,Southeastern,B,SEAK
2010,Coho,3905,10.88,A-Y-K,Y,WAK
2013,Pink,8364,10.96,A-Y-K,Z,WAK
1989,Coho,2599,11.08,Westward,K,Kod
2014,Chinook,2505,11.8,A-Y-K,W,WAK
2015,Sockeye,4119,11.84,A-Y-K,Z,WAK
2001,Chinook,2623,12.11,Westward,M,SPen
1992,Pink,7972,12.36,Westward,F,WAK
1988,Steelhead,3037,12.39,Southeastern,B,SEAK
2008,Chinook,1800,12.68,Westward,M,WAK
2005,Chum,3983,12.73,A-Y-K,Z,WAK
2015,Pink,7383,13.51,A-Y-K,Y,WAK
2007,Chinook,1773,13.74,Westward,L,SPen
1992,Steelhead,3553,14.18,Southeastern,B,SEAK
2009,Chinook,3319,14.5,Westward,L,SPen
1988,Sockeye,5780,14.83,Southeastern,D,SEAK
2000,Chinook,2612,15.79,Westward,L,SPen
1989,Pink,10803,15.99,Westward,M,WAK
2011,Chinook,2371,16.51,Westward,M,WAK
1996,Chinook,13286,17.04,Southeastern,B,SEAK
2013,Chinook,2962,17.1,Westward,L,SPen
1990,Sockeye,1072483,17.39,Southeastern,B,SEAK
2002,Sockeye,6711,17.7,Southeastern,D,SEAK
2001,Chinook,2939,17.86,Westward,L,SPen
2006,Chinook,2256,17.95,Westward,L,SPen
2003,Chinook,2874,18.06,Westward,M,SPen
2000,Chum,6150,18.28,A-Y-K,Z,WAK
2015,Pink,12395,18.3,Westward,M,WAK
2001,Pink,12479,18.65,Westward,M,WAK
1995,Pink,12171,18.8,Westward,M,WAK
2004,Chum,6297,19.23,A-Y-K,Z,WAK
2015,Chinook,2844,19.42,Westward,M,WAK
2003,Chinook,3068,19.83,Westward,L,SPen
1985,Chinook,1887,20.35,Westward,L,SPen
2012,Chinook,2678,20.43,Central,H,CI
2008,Pink,14100,21.12,A-Y-K,Y,WAK
2009,Pink,17364,21.18,A-Y-K,Z,WAK
2013,Chinook,2801,21.31,A-Y-K,W,WAK
2005,Coho,6956,21.32,Westward,L,SPen
2004,Chinook,2522,21.34,Westward,L,SPen
2010,Chinook,2791,21.35,Westward,M,WAK
1997,Chinook,3120,21.42,Westward,L,SPen
2009,Chinook,3189,21.85,Westward,M,WAK
1999,Chinook,2508,21.96,A-Y-K,Z,WAK
1987,Chinook,2651,22.44,Westward,L,SPen
2012,Chinook,3687,22.79,Westward,L,SPen
1992,Coho,8185,22.89,A-Y-K,Y,WAK
2004,Pink,15828,23.47,Westward,M,WAK
1990,Pink,16082,23.52,A-Y-K,W,WAK
2000,Chinook,3905,24.86,Westward,M,WAK
2000,Chum,7289,24.91,A-Y-K,Y,WAK
2009,Coho,8350,25.16,A-Y-K,Y,WAK
1999,Chinook,3507,25.72,Westward,L,SPen
2012,Sockeye,12390,25.84,Southeastern,D,SEAK
1986,Pink,16561,26.08,A-Y-K,W,WAK
1992,Chinook,4541,26.11,A-Y-K,Z,WAK
1999,Chum,7881,26.15,A-Y-K,Z,WAK
2003,Chinook,4545,26.35,Westward,M,WAK
2002,Coho,8410,26.67,Central,T,WAK
2002,Chinook,3852,26.72,Westward,M,WAK
2003,Pink,18666,26.74,Westward,M,WAK
1987,Chinook,4612,26.8,Westward,K,Kod
1999,Chinook,4886,27,Westward,M,WAK
2005,Chinook,3408,28.03,Westward,L,SPen
1996,Chinook,3145,28.4,Westward,L,SPen
2005,Chum,8821,29.13,Westward,L,SPen
2014,Chinook,8571,29.22,Westward,K,Kod
2005,Chinook,4670,29.42,Westward,M,SPen
2008,Chinook,4645,29.77,A-Y-K,Y,WAK
2002,Pink,21468,29.98,Westward,M,WAK
1998,Chinook,4503,30.18,Westward,L,SPen
1986,Chinook,3037,30.29,Westward,L,SPen
1986,Chinook,4381,30.35,Westward,K,Kod
1988,Chinook,4096,30.46,A-Y-K,Z,WAK
2009,Sockeye,11926,30.53,Southeastern,D,SEAK
2006,Chum,10042,31.07,A-Y-K,Z,WAK
2003,Sockeye,12859,31.36,Southeastern,D,SEAK
1985,Steelhead,7893,31.42,Southeastern,B,SEAK
2010,Sockeye,13694,31.49,Southeastern,D,SEAK
2009,Chinook,7268,31.6,Westward,K,Kod
1991,Chinook,3288,31.61,Westward,L,SPen
2001,Chinook,4425,32.3,Westward,M,WAK
1994,Chinook,3919,32.6,Westward,L,SPen
2002,Chum,8390,33.72,A-Y-K,X,WAK
1986,Sockeye,14647,33.75,Southeastern,D,SEAK
2007,Chinook,7609,33.78,Westward,M,WAK
2008,Chinook,4378,33.87,Westward,M,SPen
2015,Chinook,9204,34.08,Westward,L,SPen
2011,Chinook,6586,34.18,Westward,L,SPen
1989,Chinook,3542,34.79,Westward,L,SPen
2014,Chinook,8846,34.79,Westward,L,SPen
2014,Chinook,5039,34.88,Central,H,CI
1998,Chinook,4919,35.09,Westward,M,SPen
2014,Sockeye,14725,35.41,Southeastern,D,SEAK
2002,Chinook,6428,35.65,Westward,M,SPen
2013,Chinook,5794,35.78,Central,H,CI
2014,Chinook,7915,36.03,Westward,M,SPen
2001,Chum,11100,36.09,A-Y-K,Z,WAK
2015,Chinook,8380,36.37,Westward,K,Kod
2015,Chinook,8260,37.67,A-Y-K,W,WAK
2011,Coho,13742,37.8,Central,T,WAK
1996,Chinook,4941,37.89,Westward,M,WAK
1998,Pink,25445,38.17,Central,T,WAK
1996,Chum,10833,38.97,A-Y-K,Z,WAK
1986,Steelhead,9528,39.59,Southeastern,B,SEAK
2013,Chinook,7533,39.82,Westward,M,SPen
2010,Pink,31557,39.9,A-Y-K,Z,WAK
1999,Coho,12662,39.93,A-Y-K,Z,WAK
2006,Chinook,7674,40.15,Westward,M,WAK
1991,Sockeye,18692,40.23,Southeastern,D,SEAK
1998,Chinook,5928,40.28,Westward,M,WAK
2011,Chinook,7214,41.07,Westward,M,SPen
2000,Chinook,5445,41.37,Westward,M,SPen
1999,Chinook,5074,41.58,Westward,M,SPen
2007,Chinook,5324,41.66,Westward,M,SPen
1989,Pink,27712,42.76,Westward,L,SPen
2002,Chum,13796,43.07,A-Y-K,Y,WAK
1996,Chinook,5520,43.39,Westward,M,SPen
2010,Pink,33520,43.41,Westward,M,WAK
1985,Chinook,4970,43.59,Westward,K,Kod
1996,Chinook,4999,43.61,A-Y-K,Z,WAK
2009,Chinook,5875,43.67,Westward,M,SPen
1986,Chinook,5589,43.85,Westward,M,SPen
2006,Chinook,5632,44.04,Westward,M,SPen
1994,Chinook,5285,44.68,A-Y-K,Z,WAK
2010,Chinook,7986,46.41,Westward,M,SPen
2010,Chinook,10380,47.35,Westward,L,SPen
1989,Chinook,5707,47.55,A-Y-K,Z,WAK
1998,Chum,16334,48.39,A-Y-K,Z,WAK
2004,Chum,15026,48.7,Westward,M,WAK
1991,Chinook,6068,48.78,A-Y-K,Z,WAK
1997,Chinook,7780,48.84,Westward,M,SPen
1989,Sockeye,18187,48.98,Southeastern,D,SEAK
1995,Chinook,19867,50.28,Southeastern,B,SEAK
1995,Chinook,5493,50.43,Westward,L,SPen
2012,Chinook,14980,51.67,Westward,K,Kod
2004,Coho,20232,53.2,A-Y-K,Y,WAK
1987,Sockeye,22048,53.67,Southeastern,D,SEAK
1990,Coho,761207,54.16,Southeastern,D,SEAK
2004,Chinook,7123,54.65,Westward,M,SPen
2010,Chinook,14708,54.75,Westward,K,Kod
2001,Coho,17084,55.35,Central,T,WAK
1995,Chinook,19821,55.52,Southeastern,C,SEAK
1994,Chum,18292,55.58,A-Y-K,Z,WAK
2005,Chinook,9198,55.93,Westward,M,WAK
1998,Pink,34810,56.94,Westward,M,WAK
1992,Chinook,8026,57.44,Westward,M,SPen
1991,Chinook,7975,57.65,Westward,M,SPen
2012,Chinook,8091,57.74,Westward,M,SPen
1995,Chinook,7571,57.82,Westward,M,WAK
1998,Chinook,7429,57.98,A-Y-K,Z,WAK
2010,Chinook,10086,57.99,A-Y-K,Y,WAK
1996,Chinook,19456,58.04,Southeastern,C,SEAK
1988,Chinook,7296,58.46,Westward,L,SPen
2012,Chinook,8837,58.6,A-Y-K,W,WAK
1989,Chinook,7065,59.21,Westward,M,SPen
1996,Pink,37629,59.52,Central,T,WAK
1988,Pink,37671,60.12,A-Y-K,W,WAK
1986,Chinook,6395,60.4,A-Y-K,Z,WAK
1986,Pink,41260,60.47,A-Y-K,Z,WAK
1990,Chinook,9901,60.9,Westward,L,SPen
1998,Chinook,12775,60.99,Southeastern,C,SEAK
1999,Coho,19559,61.16,Central,T,WAK
2015,Chum,21068,61.33,A-Y-K,W,WAK
1999,Sockeye,28284,61.88,Southeastern,D,SEAK
2011,Coho,19463,62.59,Westward,M,WAK
1992,Chinook,10832,62.64,Westward,L,SPen
2003,Coho,17060,63.4,A-Y-K,Z,WAK
2005,Sockeye,25815,63.91,Southeastern,D,SEAK
1987,Chinook,7080,64.18,A-Y-K,Z,WAK
2007,Sockeye,24606,65.15,Southeastern,D,SEAK
2008,Chinook,17252,65.55,Westward,K,Kod
1985,Chum,22805,65.9,Westward,L,SPen
2003,Chum,21800,66.14,A-Y-K,Y,WAK
1993,Chinook,8972,68.72,A-Y-K,Z,WAK
2001,Coho,19492,69.08,A-Y-K,Z,WAK
2006,Sockeye,29647,69.56,Southeastern,D,SEAK
1985,Chinook,6642,69.61,Westward,M,SPen
2009,Chinook,8887,70.04,Central,H,CI
1991,Chinook,9370,70.73,Westward,M,WAK
2004,Chinook,10402,72.28,Westward,M,WAK
2002,Sockeye,24208,73.12,A-Y-K,W,WAK
2001,Chum,21913,74.09,A-Y-K,W,WAK
1997,Pink,50701,75.11,Westward,M,WAK
2003,Coho,25243,75.19,A-Y-K,Y,WAK
1992,Sockeye,31528,75.7,Southeastern,D,SEAK
2004,Chum,30737,75.72,A-Y-K,Y,WAK
1990,Chinook,8895,76.54,A-Y-K,Z,WAK
1985,Coho,21927,76.75,A-Y-K,Z,WAK
2007,Chinook,17248,77.16,Westward,K,Kod
2000,Chinook,9138,77.19,A-Y-K,Y,WAK
2004,Sockeye,30889,77.62,Southeastern,D,SEAK
2007,Chum,25614,78.22,A-Y-K,Z,WAK
2008,Chum,25380,78.4,A-Y-K,Z,WAK
2002,Chinook,12537,79.07,A-Y-K,W,WAK
1989,Chum,19972,79.23,Westward,K,Kod
1995,Chinook,8860,79.27,A-Y-K,Z,WAK
1987,Chinook,9174,79.49,Westward,M,SPen
1987,Coho,24311,80.65,A-Y-K,Z,WAK
1996,Pink,53842,80.96,Westward,M,WAK
1996,Chinook,13071,80.98,Westward,K,Kod
2005,Chinook,14465,81.25,Westward,K,Kod
1994,Chinook,10002,82.88,Westward,M,SPen
2011,Chinook,18615,83.07,Westward,K,Kod
2001,Chinook,10295,83.08,Central,H,CI
2000,Chinook,12293,83.2,Westward,K,Kod
2000,Chinook,8542,83.58,Central,H,CI
1988,Chinook,11075,83.88,Westward,M,SPen
1997,Chinook,10384,83.96,Westward,M,WAK
1999,Chinook,16180,84.2,Southeastern,C,SEAK
2013,Sockeye,31699,84.46,Southeastern,D,SEAK
2001,Sockeye,32007,84.65,Southeastern,D,SEAK
1997,Chinook,18735,84.76,Westward,K,Kod
2013,Chinook,10836,85.05,Central,E,PWS
2001,Coho,22164,85.24,Westward,M,WAK
1995,Sockeye,45091,85.35,Southeastern,D,SEAK
2015,Chinook,11676,86.01,Central,H,CI
2009,Chinook,10760,86.06,Central,E,PWS
2014,Pink,54761,86.16,A-Y-K,Y,WAK
2003,Chinook,18603,86.34,Westward,K,Kod
2008,Pink,76435,86.48,A-Y-K,Z,WAK
1998,Chum,28654,87.07,A-Y-K,Y,WAK
1989,Chinook,10948,87.12,Westward,M,WAK
2002,Chinook,19320,87.44,Westward,K,Kod
2000,Sockeye,33386,87.49,Southeastern,D,SEAK
2011,Sockeye,33623,88.33,Southeastern,D,SEAK
1998,Chinook,9198,88.64,Central,H,CI
1995,Pink,81644,89.87,A-Y-K,Z,WAK
1994,Chinook,23295,90.05,Southeastern,C,SEAK
2014,Chinook,11660,90.37,Central,E,PWS
2010,Chinook,11003,91.27,Central,E,PWS
1985,Sockeye,32417,92.02,Southeastern,D,SEAK
1986,Chinook,11751,92.31,Westward,M,WAK
2010,Chinook,9990,93.62,Central,H,CI
2002,Pink,66050,93.74,Westward,L,SPen
1986,Pink,65251,94.6,Westward,M,WAK
2000,Pink,58719,94.74,Central,T,WAK
1996,Chinook,36888,96.85,Southeastern,A,SEAK
1999,Coho,32594,97.06,A-Y-K,W,WAK
1993,Chinook,14413,97.3,Westward,M,SPen
2015,Pink,62935,97.84,A-Y-K,Z,WAK
2013,Chinook,14487,97.88,Central,T,WAK
2004,Pink,52631,98.27,Central,T,WAK
2003,Chinook,16014,98.7,A-Y-K,W,WAK
2003,Chum,25763,98.92,A-Y-K,X,WAK
2006,Chinook,20383,100.43,Westward,K,Kod
2011,Chinook,18563,101.19,A-Y-K,W,WAK
1997,Chinook,12573,101.99,A-Y-K,Z,WAK
1990,Chinook,12322,102.29,Westward,M,WAK
1992,Chinook,13144,102.36,Westward,M,WAK
2012,Coho,33316,102.42,Westward,L,SPen
2013,Coho,32312,102.74,Westward,L,SPen
1988,Pink,74604,102.95,A-Y-K,Z,WAK
1998,Sockeye,59130,103.14,Southeastern,D,SEAK
2011,Chinook,11391,103.88,Central,H,CI
1990,Chinook,18808,104.03,Westward,K,Kod
2013,Coho,27482,104.2,Westward,M,WAK
1999,Chinook,18299,105.46,Westward,K,Kod
1998,Coho,29623,105.55,A-Y-K,Z,WAK
1993,Chinook,19515,106.26,Westward,L,SPen
1997,Chinook,19673,106.55,Southeastern,C,SEAK
1997,Coho,32284,106.59,A-Y-K,Z,WAK
2014,Chinook,15901,107.13,Central,T,WAK
1994,Chinook,40636,107.45,Southeastern,B,SEAK
1999,Chinook,18939,108.14,Southeastern,B,SEAK
2009,Chum,34122,109.09,A-Y-K,Z,WAK
1990,Chinook,16522,109.99,Westward,M,SPen
2014,Chum,37046,110.12,A-Y-K,W,WAK
1996,Sockeye,61546,111.03,Southeastern,D,SEAK
2012,Coho,37056,111.17,A-Y-K,Z,WAK
1997,Sockeye,47751,111.3,Southeastern,D,SEAK
1986,Coho,35624,111.39,A-Y-K,Z,WAK
1997,Chinook,26685,111.48,Southeastern,B,SEAK
1998,Chinook,17349,113.07,Westward,K,Kod
2003,Chum,36225,113.12,A-Y-K,W,WAK
2010,Chinook,19016,113.26,A-Y-K,W,WAK
1997,Chum,34103,114.76,A-Y-K,Z,WAK
2012,Coho,37274,115.57,Westward,M,WAK
1997,Coho,35364,115.92,A-Y-K,Y,WAK
1995,Chinook,18704,116.91,Westward,K,Kod
2008,Coho,38163,117.1,A-Y-K,Y,WAK
2002,Coho,28755,117.12,Westward,M,WAK
1987,Chinook,14186,117.59,Westward,M,WAK
2015,Coho,37755,118.48,Central,T,WAK
2012,Chinook,13159,119.09,Central,E,PWS
2003,Chum,38862,119.47,Westward,M,WAK
1994,Chinook,40943,119.53,Southeastern,A,SEAK
2013,Chinook,34620,119.74,Westward,K,Kod
2012,Chinook,19582,122,Central,T,WAK
1991,Chinook,22234,122.43,Westward,K,Kod
2008,Chinook,12407,122.48,Central,E,PWS
2002,Chum,35025,124.96,A-Y-K,W,WAK
1988,Coho,37247,127.3,A-Y-K,Z,WAK
1993,Coho,43291,130.56,A-Y-K,Z,WAK
2001,Chinook,14384,130.73,A-Y-K,W,WAK
1990,Coho,43632,131.17,A-Y-K,Y,WAK
2004,Coho,33953,131.2,Westward,M,WAK
2003,Coho,43255,131.66,Central,T,WAK
1995,Chum,42898,131.74,A-Y-K,Z,WAK
1988,Chinook,16805,132.11,Westward,M,WAK
2006,Coho,39221,132.46,Westward,L,SPen
1999,Chinook,25629,133.74,Southeastern,A,SEAK
1988,Chinook,22394,134.29,Westward,K,Kod
2009,Chinook,22563,134.43,A-Y-K,W,WAK
1989,Chum,42625,134.79,A-Y-K,Z,WAK
1986,Coho,47281,135.95,A-Y-K,Y,WAK
2004,Coho,42016,137.16,A-Y-K,Z,WAK
2000,Chinook,18214,137.71,Southeastern,B,SEAK
2002,Chinook,14278,138.57,Central,H,CI
2000,Coho,44409,139.51,A-Y-K,Z,WAK
2008,Chinook,24378,139.73,A-Y-K,W,WAK
1991,Chinook,14967,139.78,Central,H,CI
1994,Pink,85089,140.06,A-Y-K,W,WAK
1994,Sockeye,66257,140.52,Southeastern,D,SEAK
1993,Sockeye,66087,142.81,Southeastern,D,SEAK
1994,Chinook,22576,142.88,Westward,K,Kod
2015,Sockeye,61079,143.02,Southeastern,D,SEAK
2005,Chum,42575,143.57,Westward,M,WAK
2008,Chinook,13626,144.29,Central,H,CI
1995,Coho,46251,144.71,A-Y-K,Y,WAK
2000,Chinook,21416,146.14,Southeastern,C,SEAK
2007,Chinook,23185,148.62,A-Y-K,W,WAK
1995,Coho,49444,149.61,Central,T,WAK
2001,Chinook,23843,150.09,Westward,K,Kod
2004,Chinook,28907,150.19,Westward,K,Kod
2007,Coho,45773,150.33,A-Y-K,Y,WAK
2013,Sockeye,52144,150.51,A-Y-K,W,WAK
1997,Chinook,31970,151.86,Southeastern,A,SEAK
2007,Coho,52037,152,Central,T,WAK
1989,Coho,44091,152.7,A-Y-K,Z,WAK
1999,Chum,50120,153.48,Westward,M,WAK
1992,Pink,86294,153.48,A-Y-K,W,WAK
1994,Pink,89907,154.04,Central,T,WAK
2015,Chinook,53741,154.28,Westward,M,SPen
1994,Chinook,18647,156.23,Westward,M,WAK
2015,Sockeye,56260,156.46,A-Y-K,W,WAK
1999,Coho,53907,156.5,Westward,M,WAK
2006,Chinook,25212,156.74,A-Y-K,W,WAK
1992,Chinook,24299,157.76,Westward,K,Kod
1993,Chum,54448,160.3,A-Y-K,Z,WAK
1995,Coho,47862,161.57,A-Y-K,Z,WAK
2004,Chum,52078,161.73,A-Y-K,W,WAK
1996,Chinook,22760,161.97,A-Y-K,W,WAK
1986,Chinook,26900,162.66,Southeastern,C,SEAK
2002,Coho,49372,163.65,Westward,L,SPen
2000,Chinook,23019,163.65,Central,T,WAK
2002,Chinook,22371,164.21,Southeastern,C,SEAK
2006,Chinook,18790,164.33,Central,H,CI
1999,Chinook,16154,164.95,Central,H,CI
1997,Coho,50463,166.11,Central,T,WAK
1999,Chum,51765,166.37,A-Y-K,Y,WAK
1995,Chinook,17453,166.37,Westward,M,SPen
2004,Chinook,30254,166.66,A-Y-K,W,WAK
2007,Chinook,18160,167.17,Central,H,CI
2000,Pink,166548,167.74,A-Y-K,Z,WAK
1995,Chinook,36477,167.74,Southeastern,A,SEAK
2002,Chum,51148,169.15,Westward,M,WAK
1989,Chinook,27108,171.64,Southeastern,C,SEAK
1997,Chinook,14559,173.66,Central,H,CI
2008,Chinook,25006,173.94,Central,T,WAK
1999,Chinook,26929,174.3,Central,T,WAK
2009,Coho,59440,174.8,Central,T,WAK
1990,Chinook,17671,174.88,Central,H,CI
2000,Chum,50607,174.99,A-Y-K,W,WAK
1998,Chinook,31224,176.15,Southeastern,B,SEAK
1999,Chinook,25117,176.36,A-Y-K,W,WAK
2013,Chinook,28233,176.73,Southeastern,A,SEAK
2006,Coho,64942,177.13,A-Y-K,Y,WAK
2003,Chinook,19711,178.18,Central,H,CI
2011,Chinook,20462,179.56,Central,E,PWS
1992,Chinook,26864,181.19,Southeastern,C,SEAK
1993,Chinook,29151,183.18,A-Y-K,W,WAK
1992,Chinook,28130,184.3,Southeastern,A,SEAK
2002,Chum,54559,184.48,Westward,L,SPen
2000,Chinook,26175,185.31,A-Y-K,W,WAK
2013,Coho,53915,185.86,A-Y-K,Z,WAK
1985,Coho,57656,187.84,A-Y-K,Y,WAK
1996,Coho,54371,188.02,A-Y-K,Y,WAK
2005,Coho,66291,188.34,A-Y-K,Y,WAK
2001,Chinook,23501,188.64,Southeastern,C,SEAK
2015,Chinook,24546,188.88,Central,E,PWS
2004,Chum,51077,190.08,A-Y-K,X,WAK
1985,Chinook,19491,190.21,A-Y-K,Z,WAK
2004,Sockeye,63536,190.62,A-Y-K,W,WAK
1996,Chinook,15496,191.87,Central,H,CI
1998,Chinook,33585,192.66,Southeastern,A,SEAK
1993,Pink,163176,192.87,A-Y-K,Z,WAK
1990,Coho,56712,193.64,A-Y-K,Z,WAK
2012,Chum,63177,193.97,A-Y-K,Z,WAK
2011,Coho,58917,194.36,A-Y-K,Z,WAK
2001,Chinook,24666,195.28,Central,T,WAK
1985,Chinook,23568,197.43,Westward,M,WAK
1985,Chinook,35457,197.82,Southeastern,C,SEAK
1988,Chinook,31305,200.83,Southeastern,C,SEAK
1993,Chinook,23585,201.25,Westward,M,WAK
1998,Chum,55907,202.87,A-Y-K,X,WAK
2003,Coho,53142,203.24,Westward,M,WAK
1993,Chinook,28736,203.58,Southeastern,C,SEAK
2003,Chum,64044,203.81,Westward,L,SPen
2006,Chum,61630,204.43,Westward,L,SPen
2001,Sockeye,59545,204.59,A-Y-K,W,WAK
2012,Pink,137706,205.13,Westward,L,SPen
2010,Chinook,33352,206.22,Central,T,WAK
2013,Coho,66210,206.32,A-Y-K,Y,WAK
1992,Chinook,20188,206.43,Central,H,CI
1994,Chinook,29195,206.78,A-Y-K,W,WAK
1987,Coho,65403,206.94,Central,T,WAK
2012,Coho,77014,207.61,A-Y-K,Y,WAK
2005,Chinook,31571,207.82,A-Y-K,W,WAK
2014,Chum,55152,207.97,Westward,L,SPen
2009,Chinook,30513,208.57,Southeastern,C,SEAK
2008,Sockeye,70156,209.32,Southeastern,C,SEAK
2015,Coho,57178,209.56,Westward,M,WAK
2003,Sockeye,63646,209.61,A-Y-K,W,WAK
2011,Chinook,36559,210.43,Central,T,WAK
2014,Sockeye,82114,210.74,A-Y-K,W,WAK
1988,Coho,60031,212.48,Southeastern,C,SEAK
1991,Coho,63647,212.96,A-Y-K,Z,WAK
2009,Chinook,31579,213.05,Central,T,WAK
2000,Chinook,28244,213.56,Southeastern,A,SEAK
1991,Chinook,30440,213.71,Central,T,WAK
2010,Coho,62079,214.52,A-Y-K,Z,WAK
1993,Coho,64376,218.38,Westward,M,WAK
1990,Chum,65123,218.66,A-Y-K,Z,WAK
2002,Chinook,24664,219.38,A-Y-K,Y,WAK
2014,Pink,133444,219.74,Westward,M,WAK
1997,Chum,67980,223.34,A-Y-K,W,WAK
2012,Pink,205546,223.38,A-Y-K,Z,WAK
1996,Chum,67956,223.74,Westward,M,WAK
2010,Coho,62161,224.7,Westward,M,WAK
2012,Chinook,35158,224.84,Southeastern,A,SEAK
1993,Chinook,41029,225.39,Westward,K,Kod
1998,Chum,69516,225.53,Westward,M,WAK
2004,Coho,72385,227.47,Central,T,WAK
2001,Chinook,29458,227.58,Southeastern,A,SEAK
1993,Coho,72729,227.71,Central,T,WAK
2011,Sockeye,76993,227.78,A-Y-K,W,WAK
2015,Chinook,38227,228.06,Southeastern,A,SEAK
2012,Sockeye,81919.6,230.02,Southeastern,C,SEAK
2006,Coho,79465,231.62,Central,T,WAK
2010,Chinook,32154,233.38,Southeastern,A,SEAK
2011,Coho,77083,234.28,A-Y-K,Y,WAK
2009,Coho,67625,235,Westward,M,WAK
2011,Coho,76792,235.67,Westward,L,SPen
2005,Coho,74556,237.19,Central,T,WAK
2015,Coho,82054,237.48,Westward,L,SPen
2002,Sockeye,84522,238.14,Southeastern,C,SEAK
1987,Coho,74361,239.48,Southeastern,C,SEAK
1995,Chinook,21588,240.9,Central,H,CI
1987,Chinook,38601,240.96,Southeastern,C,SEAK
1999,Chum,73022,240.97,A-Y-K,W,WAK
1999,Sockeye,81763,241.93,A-Y-K,W,WAK
1996,Pink,189068,243.22,Westward,L,SPen
2012,Chinook,37871,243.55,Southeastern,C,SEAK
1994,Chum,84528,244.05,Westward,M,WAK
2011,Chinook,38911,244.39,Southeastern,A,SEAK
2006,Pink,145595,245.81,Central,T,WAK
2007,Coho,73277,246.65,Westward,L,SPen
2010,Coho,77641,248.2,A-Y-K,W,WAK
1994,Chum,96921,248.59,A-Y-K,Y,WAK
1993,Chinook,22647,249.27,Central,H,CI
1994,Chinook,117751,249.64,Southeastern,D,SEAK
2003,Chinook,34594,251.17,Southeastern,C,SEAK
2012,Coho,91966,251.24,Westward,M,SPen
2011,Coho,97481,252.63,Central,H,CI
1989,Coho,68233,253.62,Westward,L,SPen
2007,Coho,69015,255.17,Westward,M,WAK
2010,Chinook,36030,255.36,Southeastern,C,SEAK
2014,Pink,182406,256.89,A-Y-K,Z,WAK
1993,Chinook,40799,257.04,Southeastern,A,SEAK
1990,Chinook,22163,258.55,Central,E,PWS
2007,Chum,84105,259.89,A-Y-K,W,WAK
1990,Chinook,33993,261.83,Central,T,WAK
2007,Chum,79394,262.9,Central,H,CI
2011,Chinook,41333,263.72,Southeastern,C,SEAK
2012,Pink,174417,264.96,Westward,M,WAK
2015,Chinook,57334,268.52,Central,T,WAK
1996,Coho,70458,269.17,A-Y-K,Z,WAK
1992,Chum,83394,270.04,A-Y-K,Z,WAK
1989,Sockeye,82628,270.77,A-Y-K,W,WAK
1991,Chum,86871,270.92,A-Y-K,Z,WAK
1989,Coho,85483,271.24,A-Y-K,Y,WAK
2005,Coho,71194,273.21,Westward,M,WAK
1993,Chum,71071,273.43,A-Y-K,X,WAK
2005,Chinook,32325,273.44,A-Y-K,Y,WAK
2005,Chum,89695,274.05,A-Y-K,W,WAK
2007,Chinook,34696,277.1,A-Y-K,Y,WAK
2005,Pink,194045,277.55,Westward,L,SPen
1999,Coho,89610,280.01,Westward,L,SPen
2012,Sockeye,91591,280.58,A-Y-K,W,WAK
2005,Chum,75971,281.94,A-Y-K,X,WAK
2012,Coho,116283,286.5,Central,T,WAK
1998,Chinook,44402,286.74,A-Y-K,W,WAK
1997,Coho,83116,289.16,Central,E,PWS
1996,Chum,79910,290.13,A-Y-K,X,WAK
2000,Coho,83735,290.84,Westward,M,WAK
1985,Pink,160128,291.99,Westward,L,SPen
2006,Chinook,31634,292.85,Central,E,PWS
1988,Sockeye,102527,293.08,Southeastern,C,SEAK
1993,Chum,98405,293.44,A-Y-K,Y,WAK
1994,Chinook,21195,294.06,Central,H,CI
2007,Chum,78553,294.09,Westward,L,SPen
2008,Sockeye,106166,296.85,Southeastern,B,SEAK
2015,Chum,101017,297.63,Westward,L,SPen
2012,Coho,109196,298.18,Central,H,CI
2006,Chum,98568,298.6,A-Y-K,W,WAK
2000,Chum,93700,299.91,Westward,M,WAK
2005,Coho,85523,299.94,A-Y-K,Z,WAK
2013,Sockeye,108971,302.52,Southeastern,C,SEAK
1993,Chum,103283,303.27,A-Y-K,W,WAK
2014,Sockeye,109728,303.77,Southeastern,C,SEAK
2014,Chinook,46162,304.14,Southeastern,C,SEAK
1993,Chinook,32005,306.25,Central,E,PWS
2013,Chinook,48292,306.92,Southeastern,C,SEAK
2008,Chinook,40330,307.68,Southeastern,C,SEAK
1997,Chum,97380,307.77,Westward,M,WAK
2009,Coho,87041,308.18,A-Y-K,Z,WAK
1989,Chinook,28985,308.51,Central,H,CI
1995,Chum,99294,310.36,Westward,M,WAK
2008,Chinook,42271,312.13,Southeastern,A,SEAK
2000,Chinook,33153,312.46,Central,E,PWS
2004,Chinook,28616,315.03,Central,H,CI
1985,Chinook,25097,315.17,Central,H,CI
1988,Coho,98142,316.74,A-Y-K,Y,WAK
2005,Chinook,28315,316.75,Central,H,CI
2006,Coho,93957,318.77,Westward,M,WAK
2008,Chum,101341,319.2,A-Y-K,W,WAK
2014,Coho,105168,323.34,A-Y-K,Y,WAK
1991,Coho,106151,330.92,A-Y-K,Y,WAK
2010,Coho,108978,331,Central,T,WAK
1987,Chum,102501,332,A-Y-K,Z,WAK
2009,Coho,110373,332.25,Westward,L,SPen
1993,Chum,122360,333.87,Westward,L,SPen
1998,Chum,101535,334.98,Central,H,CI
2003,Coho,113642,336.11,Central,H,CI
2014,Chum,107745,339.17,A-Y-K,Z,WAK
1997,Coho,94786,339.24,Westward,M,WAK
1991,Chinook,48319,340.37,A-Y-K,W,WAK
1991,Chinook,52449,340.61,Southeastern,C,SEAK
2000,Sockeye,110349,341.3,A-Y-K,W,WAK
2008,Coho,117053,341.92,Central,T,WAK
2008,Sockeye,113198,342.09,A-Y-K,W,WAK
2009,Chum,108027,342.45,Westward,M,WAK
1997,Coho,90908,343.15,Westward,L,SPen
1986,Chinook,44972,345.84,A-Y-K,W,WAK
1989,Chinook,39760,346.53,Central,T,WAK
2009,Chinook,49705,347.83,Southeastern,A,SEAK
1988,Chum,107967,347.98,A-Y-K,Z,WAK
2005,Chinook,48660,348.96,Southeastern,A,SEAK
2003,Chinook,47940,349.59,Central,T,WAK
1994,Coho,102152,349.71,A-Y-K,Z,WAK
1990,Coho,103317,350.76,Central,T,WAK
1999,Coho,134772,351.38,Central,H,CI
2011,Chum,110555,351.49,A-Y-K,Z,WAK
1987,Chinook,51026,353.19,Southeastern,A,SEAK
1996,Chum,120891,353.73,Westward,L,SPen
2005,Chinook,36119,354.33,Central,E,PWS
1998,Chinook,43696,354.38,A-Y-K,Y,WAK
1997,Chinook,48304,354.63,A-Y-K,W,WAK
2004,Chinook,49995,354.89,Southeastern,C,SEAK
2001,Chinook,41007,360.86,Southeastern,B,SEAK
2015,Chinook,57089,361.84,Southeastern,C,SEAK
1993,Chum,139318,362.2,Central,H,CI
1991,Chinook,35355,362.55,Central,E,PWS
2010,Chum,117805,362.84,A-Y-K,Z,WAK
2001,Coho,121187,363.55,Central,H,CI
1988,Pink,248351,364.24,Westward,M,WAK
1988,Chinook,45869,364.27,Southeastern,A,SEAK
1997,Chum,110021,365.87,Central,H,CI
2005,Sockeye,121441,369.1,A-Y-K,W,WAK
2002,Chinook,44749,369.97,Central,T,WAK
2014,Coho,112767,370.23,A-Y-K,Z,WAK
1991,Coho,117740,370.51,Central,T,WAK
1997,Coho,116136,371.36,Westward,M,SPen
1992,Coho,105453,372.16,A-Y-K,Z,WAK
2013,Chum,119093,373.17,A-Y-K,Z,WAK
2013,Coho,137360,373.38,Central,T,WAK
2002,Chinook,40490,376.47,Central,E,PWS
2008,Chinook,49756,377.52,Southeastern,B,SEAK
1988,Chinook,31805,379.35,Central,E,PWS
1989,Chinook,32006,381.39,Central,E,PWS
1988,Chinook,45347,382.76,Central,T,WAK
2007,Chinook,63121,384.41,Central,T,WAK
1985,Sockeye,121233,385.02,A-Y-K,W,WAK
2013,Chum,125581,386.74,A-Y-K,W,WAK
2003,Chinook,41118,388.3,A-Y-K,Y,WAK
2008,Coho,120309,388.32,A-Y-K,Z,WAK
2003,Coho,103896,389.2,Westward,L,SPen
1987,Chinook,51475,389.51,Southeastern,B,SEAK
1993,Chum,134960,390.78,Westward,M,WAK
2014,Coho,107788,392.93,Westward,M,WAK
2011,Coho,121145,393.02,A-Y-K,W,WAK
1986,Coho,116633,393.35,Westward,L,SPen
2006,Coho,130808,394.37,A-Y-K,Z,WAK
1986,Chinook,53962,396.06,Southeastern,B,SEAK
2006,Chinook,46646,396.24,A-Y-K,Y,WAK
2001,Chinook,41407,396.3,Central,E,PWS
2000,Sockeye,141230,397.29,Southeastern,C,SEAK
1997,Sockeye,123532,397.44,A-Y-K,W,WAK
1998,Sockeye,130074,398.24,A-Y-K,W,WAK
2004,Chinook,39142,398.63,Central,E,PWS
1996,Sockeye,122522,399.28,A-Y-K,W,WAK
2012,Coho,144378,400.53,A-Y-K,W,WAK
1990,Chum,127151,400.82,Westward,M,WAK
1988,Chinook,30774,403.32,Central,H,CI
2014,Coho,140590,404.31,Central,H,CI
2002,Coho,113879,406.05,A-Y-K,W,WAK
1991,Chinook,60470,407.6,Southeastern,A,SEAK
2005,Coho,145794,407.79,Westward,M,SPen
1987,Pink,246775,408.03,Westward,L,SPen
1987,Chum,109467,408.42,A-Y-K,X,WAK
2013,Chinook,59547,411.22,Southeastern,B,SEAK
1992,Chinook,68091,414.16,A-Y-K,W,WAK
2007,Chinook,41149,414.69,Central,E,PWS
1998,Chum,128996,416.24,Westward,L,SPen
2007,Coho,151809,416.3,Westward,M,SPen
2011,Coho,153482,422.44,Westward,M,SPen
2008,Pink,247813,423.37,Southeastern,A,SEAK
1990,Coho,130131,423.54,Westward,L,SPen
2015,Coho,129951,424.55,A-Y-K,Y,WAK
1985,Chinook,64123,425.95,Southeastern,A,SEAK
1985,Chum,134878,426.17,A-Y-K,Z,WAK
2008,Coho,125339,427.16,Westward,M,WAK
2000,Coho,123222,427.98,Westward,L,SPen
1987,Chum,127261,428.16,Westward,L,SPen
2006,Sockeye,149419,430.42,A-Y-K,W,WAK
2014,Chum,131865,431.55,Westward,M,WAK
2007,Chinook,58706,433.7,Southeastern,C,SEAK
1985,Chinook,57659,433.7,Southeastern,B,SEAK
2003,Coho,132486,437.03,Westward,M,SPen
2010,Sockeye,165175,443.29,Southeastern,C,SEAK
2006,Chum,133341,443.64,Westward,M,WAK
2000,Coho,131011,445.01,Central,T,WAK
1987,Chinook,64729,445.19,A-Y-K,W,WAK
2013,Chum,131058,446.89,Westward,M,WAK
2014,Chinook,74635,447.58,Southeastern,A,SEAK
2015,Chinook,67085,448.35,Southeastern,B,SEAK
1986,Sockeye,157143,449.42,Southeastern,C,SEAK
2006,Sockeye,173217,451.58,Southeastern,C,SEAK
1995,Coho,135639,452.96,Westward,M,WAK
1986,Pink,326026,453.31,Southeastern,D,SEAK
2012,Chinook,65440,453.74,Southeastern,B,SEAK
2007,Coho,126136,454.64,A-Y-K,Z,WAK
1988,Chinook,60853,457.7,Southeastern,B,SEAK
1986,Chum,146917,458.96,A-Y-K,Z,WAK
2001,Coho,131448,459.1,Westward,L,SPen
2007,Sockeye,154474,459.33,A-Y-K,W,WAK
2008,Pink,285424,459.65,Central,T,WAK
2012,Chum,153552,460.6,A-Y-K,W,WAK
1986,Sockeye,142029,460.95,A-Y-K,W,WAK
2007,Chinook,62342,461.04,Southeastern,A,SEAK
1989,Chum,138788,461.73,Central,H,CI
2015,Chum,147497,461.98,A-Y-K,Z,WAK
2009,Coho,156297,463.34,Central,H,CI
1992,Chinook,41306,463.89,Central,E,PWS
1986,Chinook,61719,467.04,Southeastern,A,SEAK
1987,Sockeye,154051,467.37,Southeastern,C,SEAK
2000,Chum,120957,468.86,Westward,L,SPen
1986,Chinook,40061,469.01,Central,H,CI
2006,Coho,170106,472.11,Westward,M,SPen
2006,Chum,138090,472.2,A-Y-K,X,WAK
2009,Chinook,64414,472.29,Southeastern,B,SEAK
1997,Coho,164023,472.6,Central,H,CI
1998,Coho,129539,474.38,Westward,L,SPen
2000,Pink,290425,474.4,Westward,M,WAK
1998,Coho,125863,475.4,Central,T,WAK
1988,Chinook,74627,478.74,A-Y-K,W,WAK
1999,Chum,140597,482.82,Westward,L,SPen
1998,Chinook,161206,483.84,Southeastern,D,SEAK
1989,Chum,157177,488.79,Westward,M,WAK
2011,Chum,161886,489.77,Central,H,CI
1996,Coho,125344,490.23,Central,T,WAK
1988,Coho,141126,491.35,Southeastern,D,SEAK
1987,Pink,310820,492.4,Central,H,CI
1986,Chinook,42128,492.86,Central,E,PWS
1998,Coho,134724,492.92,Westward,M,WAK
2006,Chum,136754,494.48,Central,H,CI
2014,Coho,132459,495.01,Westward,L,SPen
1994,Chinook,49326,495.35,Central,E,PWS
1997,Chum,152930,495.37,A-Y-K,Y,WAK
1986,Pink,353927,496.38,Southeastern,A,SEAK
2010,Chinook,63585,497.77,Southeastern,B,SEAK
2014,Pink,319620,498.76,Southeastern,A,SEAK
2003,Chum,158049,498.88,Central,H,CI
2006,Chinook,66601,499.35,Southeastern,C,SEAK
2009,Sockeye,170885,502.33,A-Y-K,W,WAK
1999,Chum,138605,502.99,A-Y-K,X,WAK
1989,Chinook,67003,503.36,A-Y-K,W,WAK
1998,Coho,154194,503.59,Westward,M,SPen
1988,Sockeye,150481,503.95,A-Y-K,W,WAK
2010,Coho,164824,506.47,Westward,M,SPen
2003,Chinook,49278,507.66,Central,E,PWS
2009,Sockeye,173985,509.66,Southeastern,C,SEAK
1999,Sockeye,182667,510.2,Southeastern,C,SEAK
2006,Chinook,66663,513.18,Southeastern,A,SEAK
1997,Coho,159246,514.92,Southeastern,C,SEAK
2010,Coho,159198,516.13,Westward,L,SPen
2014,Pink,352115,516.32,Westward,L,SPen
1997,Chum,142720,517.89,A-Y-K,X,WAK
1987,Chinook,42049,517.99,Central,E,PWS
1992,Chinook,68767,521.34,Central,T,WAK
1992,Chinook,67174,522.26,Southeastern,B,SEAK
2011,Pink,396605,522.66,Central,H,CI
1999,Coho,192503,523.05,Westward,M,SPen
2004,Chinook,56943,525.21,A-Y-K,Y,WAK
1987,Chinook,40619,528.33,Central,H,CI
1998,Sockeye,186900,528.53,Southeastern,C,SEAK
1994,Chum,149452,529.11,A-Y-K,X,WAK
2010,Sockeye,198666,530.58,Southeastern,B,SEAK
1991,Sockeye,191198,530.58,Southeastern,C,SEAK
1987,Chum,138949,532.44,Southeastern,C,SEAK
2009,Chum,157151,535.9,Central,H,CI
2000,Pink,428064,536.6,Westward,L,SPen
1991,Coho,165641,536.64,Westward,L,SPen
2003,Chinook,66133,536.66,Southeastern,A,SEAK
2007,Coho,184389,537.18,Central,H,CI
2002,Chinook,69812,539.43,Southeastern,A,SEAK
1987,Coho,150414,539.69,Westward,L,SPen
2015,Coho,148349,540.46,A-Y-K,W,WAK
1996,Pink,487441,542.76,A-Y-K,Z,WAK
2013,Chum,154965,542.76,Westward,L,SPen
1997,Chum,155905,542.95,Westward,L,SPen
1985,Chinook,43529,543.43,Central,E,PWS
1996,Chinook,152201,546.25,Southeastern,D,SEAK
2013,Coho,158544,546.27,A-Y-K,W,WAK
1998,Coho,178308,546.67,Central,H,CI
2015,Sockeye,216864,548.04,Southeastern,C,SEAK
2007,Chum,147087,548.78,A-Y-K,X,WAK
1985,Coho,172514,550.67,Westward,M,SPen
1997,Chinook,53728,552.91,Central,E,PWS
1986,Coho,182075,555.1,Central,T,WAK
1993,Sockeye,171885,555.95,A-Y-K,W,WAK
2015,Coho,153929,556.32,A-Y-K,Z,WAK
2009,Coho,163467,559.22,A-Y-K,W,WAK
2008,Coho,175861,561.07,Central,H,CI
1985,Chinook,74041,569.9,A-Y-K,W,WAK
1997,Chinook,76838,570.31,Central,T,WAK
2009,Chum,198924,571.89,A-Y-K,Y,WAK
1991,Chum,191283,572.47,Westward,M,WAK
1997,Coho,167579,572.51,A-Y-K,W,WAK
2005,Chinook,77285,572.92,Central,T,WAK
2011,Coho,190483,576.44,Westward,K,Kod
1995,Chinook,73353,576.47,A-Y-K,W,WAK
1999,Chinook,140867,577.12,Southeastern,D,SEAK
1996,Chum,167168,578.26,Central,H,CI
2015,Chum,192169,578.39,Westward,M,WAK
1990,Chinook,84706,580.18,A-Y-K,W,WAK
1987,Sockeye,170999,581.02,A-Y-K,W,WAK
2006,Chinook,73302,581.36,Southeastern,B,SEAK
1996,Coho,157313,584.27,Westward,M,WAK
2008,Coho,161536,585.27,Westward,L,SPen
2009,Chum,187845,586.98,A-Y-K,W,WAK
2003,Chinook,74363,588.46,Southeastern,B,SEAK
2007,Sockeye,195541,589.01,Southeastern,C,SEAK
1986,Chum,176640,591.67,Westward,L,SPen
2004,Chinook,76475,592.96,Southeastern,A,SEAK
2015,Coho,224061,594.96,Central,H,CI
2007,Chum,181022,595.33,Westward,M,WAK
1986,Coho,164201,595.61,Westward,M,WAK
1989,Chinook,68172,599.33,Southeastern,B,SEAK
1985,Coho,162822,600.72,Central,T,WAK
1993,Chinook,76774,601.22,Southeastern,B,SEAK
2002,Coho,202728,602.16,Westward,M,SPen
2014,Chinook,90471,602.4,Southeastern,B,SEAK
2005,Chinook,79802,603.29,Southeastern,B,SEAK
1998,Pink,588013,603.56,A-Y-K,Z,WAK
1994,Sockeye,193730,604.74,A-Y-K,W,WAK
1992,Coho,191532,608.99,Central,T,WAK
1993,Coho,220148,612.51,Westward,M,SPen
2005,Chum,168880,614.53,Central,H,CI
1989,Coho,193567,615.57,Southeastern,C,SEAK
1999,Chinook,64557,616.36,Central,E,PWS
2007,Chinook,81707,616.7,Southeastern,B,SEAK
1992,Sockeye,193561,617.45,A-Y-K,W,WAK
1999,Coho,170076,617.69,Central,E,PWS
2008,Chum,177730,619.52,Westward,M,WAK
1990,Sockeye,204374,619.65,A-Y-K,W,WAK
2013,Sockeye,229533,620.71,Southeastern,B,SEAK
2000,Chum,159802,621.71,A-Y-K,X,WAK
1995,Sockeye,200037,623.44,A-Y-K,W,WAK
2012,Sockeye,228491,623.6,Southeastern,B,SEAK
2001,Chum,174585,624.76,Westward,M,WAK
2010,Sockeye,202364,625.52,A-Y-K,W,WAK
2006,Coho,211533,625.69,Central,H,CI
2010,Coho,209885,626.05,Central,H,CI
2007,Coho,191013,627.58,A-Y-K,W,WAK
1999,Chinook,70479,630.93,A-Y-K,Y,WAK
1996,Chinook,58657,633.43,Central,E,PWS
2006,Pink,383574,636.58,Westward,L,SPen
2014,Chum,190675,636.63,Central,H,CI
1995,Chinook,139890,637.13,Southeastern,D,SEAK
1991,Sockeye,202824,638.73,A-Y-K,W,WAK
1986,Pink,401287,640.31,Central,T,WAK
2006,Coho,226091,642.14,A-Y-K,W,WAK
2001,Chum,174409,646.53,Central,H,CI
2000,Coho,208928,647.34,Southeastern,C,SEAK
1987,Coho,171784,648.99,Westward,M,WAK
1994,Coho,175240,652.03,Central,T,WAK
2001,Coho,214252,652.4,Westward,M,SPen
1998,Coho,194680,653.47,Central,E,PWS
2013,Chum,194591,655.98,Central,H,CI
2005,Chinook,91248,656.01,Southeastern,C,SEAK
1989,Chinook,75102,658.86,Southeastern,A,SEAK
2007,Pink,434778,660.35,Central,H,CI
1987,Coho,175652,661.1,Central,E,PWS
2010,Chum,236016,661.3,A-Y-K,Y,WAK
1993,Coho,229459,662.81,Westward,L,SPen
1990,Chum,163509,663.11,A-Y-K,X,WAK
1986,Coho,168690,664.38,Westward,K,Kod
2012,Coho,210485,664.52,Westward,K,Kod
1990,Pink,25637489,666.3,Southeastern,B,SEAK
1999,Chum,184409,667.34,Central,H,CI
1996,Chinook,86607,669.66,Central,T,WAK
2005,Coho,234374,672.25,Central,H,CI
1993,Chinook,85860,673.43,Central,T,WAK
1996,Coho,193246,674.01,Westward,L,SPen
2012,Pink,491663,676.84,Westward,M,SPen
1994,Pink,431063,677.97,Westward,L,SPen
2011,Sockeye,243944,682.17,Southeastern,C,SEAK
2009,Chum,187562,682.99,A-Y-K,X,WAK
1985,Coho,176118,683.74,Westward,M,WAK
2004,Coho,236144,684.48,Westward,M,SPen
1985,Coho,193374,685.36,Southeastern,C,SEAK
1988,Coho,202698,685.36,Central,T,WAK
1987,Chinook,75399,687.08,Central,T,WAK
2002,Sockeye,252796,689.91,Southeastern,B,SEAK
1986,Coho,235854,691.81,Westward,M,SPen
2011,Chum,238755,694,A-Y-K,W,WAK
2012,Chum,171112,696.2,Westward,L,SPen
2008,Coho,227553,697.1,Westward,M,SPen
2008,Chum,190321,698.64,A-Y-K,X,WAK
2005,Coho,207261,699.45,A-Y-K,W,WAK
2014,Coho,222063,699.97,A-Y-K,W,WAK
2002,Chinook,82058,708.05,Southeastern,B,SEAK
1991,Chinook,89986,708.84,Southeastern,B,SEAK
2011,Chinook,97266,714.14,Southeastern,B,SEAK
2009,Coho,248941,717.2,Westward,M,SPen
2010,Chum,230313,718.19,A-Y-K,W,WAK
1992,Pink,506467,718.52,Westward,M,WAK
1985,Chum,224765,720.16,A-Y-K,W,WAK
1987,Coho,225120,720.65,Westward,M,SPen
2015,Coho,271898,720.8,Westward,M,SPen
1998,Chinook,72346,722.05,Central,E,PWS
1992,Chum,222134,722.27,Westward,L,SPen
2015,Coho,224976,723.22,Central,E,PWS
2001,Chum,199003,730.07,Westward,L,SPen
2013,Chinook,112184,730.62,Southeastern,D,SEAK
1990,Coho,193052,734.35,Westward,M,WAK
1987,Coho,192802,736.24,Westward,K,Kod
1994,Chum,227276,739.7,Westward,L,SPen
2008,Sockeye,256290,741.71,Southeastern,A,SEAK
2005,Chum,225550,745.37,A-Y-K,Y,WAK
1996,Coho,201836,746.94,Westward,K,Kod
1992,Coho,206813,748.61,Westward,M,WAK
1995,Chinook,68783,749.16,Central,E,PWS
2000,Coho,247837,750.12,Central,H,CI
2010,Pink,489781,754.77,Westward,L,SPen
1995,Coho,264346,755.47,Westward,M,SPen
1999,Chum,685329,755.64,Central,T,WAK
2013,Coho,272113,758.77,Central,H,CI
1990,Pink,550008,760.06,Westward,L,SPen
1991,Chum,261422,761.35,Westward,L,SPen
2000,Chum,204230,766.67,Central,H,CI
1989,Sockeye,250068,768.45,Southeastern,C,SEAK
2005,Sockeye,279599,772.24,Southeastern,C,SEAK
2012,Coho,210466,772.68,Central,E,PWS
2000,Coho,257245,774.35,Westward,M,SPen
1985,Coho,191162,775.48,Westward,L,SPen
2001,Coho,222490,779.2,A-Y-K,W,WAK
2008,Chum,209325,782.95,Westward,L,SPen
2004,Chinook,114741,784.85,Central,T,WAK
1985,Chinook,99018,785.71,Southeastern,D,SEAK
2002,Coho,258404,788.29,Central,H,CI
1986,Chinook,93716,791.85,Central,T,WAK
1991,Coho,217374,794.19,Westward,M,WAK
2012,Chum,227965,794.47,A-Y-K,X,WAK
1990,Chum,270004,796.97,Westward,L,SPen
1989,Coho,239834,808.64,Central,T,WAK
2013,Coho,269963,811.39,Westward,K,Kod
2001,Sockeye,281888,812.57,Southeastern,C,SEAK
2009,Sockeye,309135,812.7,Southeastern,B,SEAK
1996,Chum,249016,815.09,A-Y-K,Y,WAK
2006,Chinook,106962,815.62,Central,T,WAK
2003,Sockeye,287380,818.33,Southeastern,C,SEAK
1992,Pink,499538,820.83,Central,T,WAK
2014,Coho,297894,821.86,Westward,M,SPen
2008,Chum,226446,825.9,Central,H,CI
1988,Pink,565390,828.89,Southeastern,D,SEAK
1992,Chinook,106117,829.11,Southeastern,D,SEAK
1998,Chum,268199,834.78,A-Y-K,W,WAK
2008,Coho,262641,835.89,A-Y-K,W,WAK
1997,Chinook,222686,837.67,Southeastern,D,SEAK
2014,Coho,287292,837.71,Central,T,WAK
2001,Chum,211672,837.95,A-Y-K,X,WAK
2006,Chum,267160,838.32,A-Y-K,Y,WAK
2010,Chum,263983,839.48,Westward,M,WAK
1990,Chinook,96194,841.93,A-Y-K,Y,WAK
2011,Chum,269503,842.59,Westward,L,SPen
1996,Chinook,91653,846.92,A-Y-K,Y,WAK
2013,Coho,294973,853.67,Westward,M,SPen
2007,Chum,302656,855.06,A-Y-K,Y,WAK
2007,Coho,285669,855.41,Southeastern,C,SEAK
1989,Coho,227551,855.85,Westward,M,WAK
1993,Coho,321027,856.09,Central,H,CI
2004,Chinook,110481,857.36,Southeastern,B,SEAK
1985,Sockeye,305466,858.75,Southeastern,C,SEAK
1992,Sockeye,303599,866.27,Southeastern,C,SEAK
1990,Pink,496517,867.89,Central,T,WAK
2008,Chum,280181,871.13,A-Y-K,Y,WAK
2009,Chum,256425,872.05,Westward,L,SPen
2008,Chinook,114195,872.25,Southeastern,D,SEAK
1989,Chum,207854,874.9,Southeastern,C,SEAK
1993,Chinook,96999,875.64,A-Y-K,Y,WAK
2009,Coho,291573,875.84,Westward,K,Kod
1994,Coho,255905,879.66,Westward,M,SPen
1991,Coho,317129,882.27,Westward,M,SPen
1988,Coho,233973,883.01,Westward,M,WAK
1991,Chum,239923,884.98,A-Y-K,X,WAK
2003,Pink,502638,887.1,Westward,L,SPen
1995,Chinook,99388,890.52,Central,T,WAK
1988,Chinook,100794,893.93,A-Y-K,Y,WAK
2009,Chinook,127205,898.29,Southeastern,D,SEAK
1994,Coho,237204,905.75,Westward,L,SPen
1996,Coho,293374,909.56,Westward,M,SPen
1997,Chum,317606,912.09,Central,T,WAK
1989,Chinook,102280,914.53,A-Y-K,Y,WAK
1986,Chinook,99970,916.79,A-Y-K,Y,WAK
1991,Chum,305209,918.34,Central,H,CI
2012,Coho,302350,918.62,Southeastern,C,SEAK
2010,Coho,269439,922.91,Westward,K,Kod
2012,Chinook,138947,923.87,Southeastern,D,SEAK
2010,Sockeye,343391,926.29,Southeastern,A,SEAK
1992,Chum,297694,931.86,Central,H,CI
1995,Coho,281518,932.72,Westward,L,SPen
2011,Chum,294083,933.18,Westward,M,WAK
1986,Chum,310035,933.2,Westward,M,WAK
1991,Chinook,101947,934.4,A-Y-K,Y,WAK
1995,Sockeye,344558,935.99,Southeastern,C,SEAK
2001,Pink,666002,942.99,Central,H,CI
1988,Chinook,106506,952.54,Southeastern,D,SEAK
1996,Coho,335941,952.75,Central,H,CI
1993,Coho,313467,954.89,Westward,K,Kod
2004,Sockeye,351396,961.38,Southeastern,C,SEAK
2010,Chinook,134053,961.6,Southeastern,D,SEAK
1998,Sockeye,342970,967.69,Southeastern,A,SEAK
1990,Coho,307218,967.71,Westward,M,SPen
2000,Coho,310257,968.66,A-Y-K,W,WAK
1994,Coho,241919,970.32,Westward,M,WAK
2012,Chum,285614,971.2,Westward,M,WAK
1996,Chum,295760,971.38,A-Y-K,W,WAK
1988,Coho,293405,974.1,Southeastern,B,SEAK
2011,Chum,264321,978.77,A-Y-K,X,WAK
2010,Chum,270343,979.74,A-Y-K,X,WAK
2006,Coho,299206,981.54,Southeastern,B,SEAK
1996,Pink,695764,985.52,Central,H,CI
1989,Chum,262876,985.96,Southeastern,D,SEAK
1989,Chum,256017,986.3,A-Y-K,X,WAK
2004,Coho,324589,989.75,Central,H,CI
1994,Pink,982389,991.13,A-Y-K,Z,WAK
1985,Chinook,120441,994.11,Central,T,WAK
1988,Chum,267775,996.26,Westward,L,SPen
1999,Coho,296979,997.89,Westward,K,Kod
1988,Pink,650629,998.15,Southeastern,C,SEAK
1991,Pink,843426,1006.05,Central,H,CI
1986,Chinook,122683,1015.74,Southeastern,D,SEAK
1998,Chinook,135816,1020.55,Central,T,WAK
2010,Pink,571111,1022.33,Central,H,CI
1995,Sockeye,375088,1024.93,Southeastern,A,SEAK
1989,Chinook,107865,1027.21,Southeastern,D,SEAK
2002,Chum,286451,1027.46,Central,H,CI
1986,Chum,261436,1030.25,A-Y-K,X,WAK
2011,Coho,353394,1033.54,Southeastern,C,SEAK
1994,Chinook,115910,1039.66,A-Y-K,Y,WAK
1992,Coho,280085,1039.79,Westward,K,Kod
1994,Chum,333986,1043.37,Central,H,CI
1994,Sockeye,371052,1045.6,Southeastern,C,SEAK
1990,Pink,800547,1046.13,Westward,M,WAK
1992,Chum,342846,1047.58,Westward,M,WAK
1993,Sockeye,393420,1052.12,Southeastern,C,SEAK
1989,Coho,352535,1054.57,Central,H,CI
1997,Chinook,113398,1055.53,A-Y-K,Y,WAK
1995,Chum,290855,1057.28,A-Y-K,X,WAK
2011,Pink,741752,1061.55,Westward,M,WAK
2010,Chum,324431,1064.72,Central,H,CI
1997,Sockeye,360498,1067.29,Southeastern,C,SEAK
1985,Chum,275541,1067.54,Southeastern,C,SEAK
1991,Coho,324860,1070.28,Westward,K,Kod
1992,Coho,310943,1071.7,Westward,L,SPen
1986,Chum,349269,1072.63,A-Y-K,W,WAK
1988,Chum,284747,1073.78,Southeastern,C,SEAK
1986,Pink,647125,1076.97,Westward,L,SPen
2014,Pink,722450,1077.47,Westward,M,SPen
1992,Chum,289187,1087.4,A-Y-K,X,WAK
2006,Coho,329925,1088.94,Southeastern,C,SEAK
2011,Sockeye,407169,1094.41,Southeastern,B,SEAK
1990,Coho,293819,1096.35,Westward,K,Kod
1992,Chum,351286,1097.83,A-Y-K,Y,WAK
1993,Chinook,153420,1100.53,Southeastern,D,SEAK
1998,Coho,312517,1100.97,A-Y-K,W,WAK
2008,Coho,301474,1106.5,Westward,K,Kod
1994,Chum,372530,1107.75,A-Y-K,W,WAK
1991,Chinook,136629,1108.1,Southeastern,D,SEAK
2011,Chinook,166750,1109.21,Southeastern,D,SEAK
2008,Pink,675416,1109.91,Central,H,CI
1998,Chum,395788,1116.25,Central,T,WAK
1998,Chum,316115,1117.9,Westward,K,Kod
2012,Coho,343734,1119.67,Southeastern,A,SEAK
1995,Coho,307795,1121.77,Westward,K,Kod
2015,Coho,397696,1121.97,Westward,K,Kod
2010,Pink,838783,1125.84,Westward,M,SPen
1987,Sockeye,398503,1133.55,Southeastern,B,SEAK
1985,Coho,284166,1142.86,Westward,K,Kod
2015,Chinook,193654,1150.52,Southeastern,D,SEAK
2009,Sockeye,430703,1152.95,Southeastern,A,SEAK
1994,Chinook,140910,1153.22,Central,T,WAK
2006,Sockeye,424071,1153.33,Southeastern,B,SEAK
2013,Chum,319062,1158.01,A-Y-K,X,WAK
2014,Chum,336590,1159.59,Westward,K,Kod
1992,Chinook,119782,1159.97,A-Y-K,Y,WAK
2015,Chum,390442,1163.18,Central,H,CI
1988,Coho,303343,1165.32,Westward,K,Kod
2007,Chinook,153997,1165.74,Southeastern,D,SEAK
1990,Chum,361502,1167.76,Central,H,CI
1994,Coho,296325,1168.19,Westward,K,Kod
1987,Chum,368696,1168.89,Westward,M,WAK
2015,Sockeye,483883,1170.59,Southeastern,A,SEAK
1986,Coho,308598,1170.85,Southeastern,C,SEAK
1998,Pink,776988,1173,Westward,L,SPen
2012,Pink,727184,1178.58,Central,H,CI
1992,Chum,334376,1179.56,Central,E,PWS
2013,Pink,871871,1184.28,Westward,L,SPen
2007,Coho,356613,1193.54,Westward,K,Kod
1997,Sockeye,409021,1195.7,Southeastern,A,SEAK
2011,Coho,371482,1198.26,Central,E,PWS
2012,Chum,327108,1198.3,Central,H,CI
2000,Chum,397977,1201.5,Central,T,WAK
2000,Coho,333052,1208.49,Westward,K,Kod
1993,Pink,967748,1208.83,Central,H,CI
1995,Chinook,126292,1214.33,A-Y-K,Y,WAK
2015,Chum,305391,1215.92,A-Y-K,X,WAK
1992,Coho,418232,1218.64,Westward,M,SPen
1986,Chum,317020,1222.04,Southeastern,C,SEAK
2009,Coho,300615,1225.54,Central,E,PWS
2003,Coho,351767,1228.17,Westward,K,Kod
1991,Coho,446678,1238.07,Central,H,CI
2005,Sockeye,515294,1240.99,Southeastern,A,SEAK
1999,Sockeye,464736,1241.66,Southeastern,A,SEAK
2006,Chinook,158597,1251.01,Southeastern,D,SEAK
2003,Coho,347125,1253.11,A-Y-K,W,WAK
2004,Chum,353468,1260.88,Central,H,CI
1987,Chinook,148407,1262.31,Southeastern,D,SEAK
1997,Pink,844431,1262.95,Westward,L,SPen
1987,Coho,421670,1263.98,Southeastern,D,SEAK
1991,Chum,350006,1270.4,Southeastern,C,SEAK
2008,Coho,326266,1271.33,Southeastern,C,SEAK
1995,Chum,380954,1276.86,Westward,L,SPen
2012,Pink,906759,1280.36,Central,T,WAK
2007,Coho,328980,1290.27,Central,E,PWS
1999,Sockeye,485043,1292.78,Southeastern,B,SEAK
1987,Chinook,131971,1293.71,A-Y-K,Y,WAK
1985,Coho,382041,1296.94,A-Y-K,W,WAK
2001,Chinook,157634,1300.24,Southeastern,D,SEAK
2000,Chinook,159710,1301,Southeastern,D,SEAK
2011,Coho,450880,1302.46,Southeastern,B,SEAK
2011,Pink,905166,1307.57,Westward,L,SPen
1988,Coho,370420,1310.62,Westward,L,SPen
1991,Coho,382815,1311.52,Southeastern,C,SEAK
2009,Coho,433248,1314.78,Southeastern,C,SEAK
1990,Coho,445062,1315.8,A-Y-K,W,WAK
1997,Coho,392056,1317.74,Southeastern,B,SEAK
1999,Pink,1156700,1322.55,Central,H,CI
2014,Chum,482656,1332.8,Central,T,WAK
2003,Pink,906563,1336.79,Central,H,CI
1985,Chinook,146114,1341.83,A-Y-K,Y,WAK
2008,Pink,805965,1349.63,Westward,M,WAK
2008,Chum,322596,1353.49,Southeastern,C,SEAK
1989,Coho,443843,1353.9,Westward,M,SPen
2005,Coho,396841,1355.13,Westward,K,Kod
2002,Sockeye,462418,1356.57,Southeastern,A,SEAK
1988,Chum,393527,1361.11,Westward,M,WAK
2000,Coho,414652,1362.6,Southeastern,B,SEAK
1987,Chum,442238,1367.08,A-Y-K,Y,WAK
1995,Coho,465587,1367.91,Central,H,CI
2014,Chinook,226976,1375.01,Southeastern,D,SEAK
1997,Coho,381099,1377.25,Westward,K,Kod
2010,Coho,334916,1380.15,Central,E,PWS
1992,Chum,448782,1385.03,A-Y-K,W,WAK
1988,Chum,352833,1387.82,A-Y-K,X,WAK
1992,Coho,475285,1389.83,Central,H,CI
1987,Coho,465547,1396.46,Central,H,CI
1990,Pink,987573,1409.07,Central,H,CI
1995,Coho,396874,1411.1,Southeastern,C,SEAK
1991,Chum,503197,1426.06,A-Y-K,W,WAK
2002,Chum,468271,1428.42,Central,T,WAK
2012,Pink,758400,1429.53,Southeastern,A,SEAK
1999,Coho,467709,1430.48,Southeastern,C,SEAK
1991,Chum,352321,1442.14,Central,E,PWS
2000,Sockeye,527276,1443.57,Southeastern,A,SEAK
2001,Coho,409193,1444.2,Westward,K,Kod
1989,Chum,340888,1452.35,Southeastern,A,SEAK
2000,Sockeye,527448,1453.44,Southeastern,B,SEAK
1990,Chum,443986,1470.54,A-Y-K,Y,WAK
1993,Coho,458131,1471.35,Southeastern,C,SEAK
1990,Coho,512156,1500.84,Central,H,CI
2000,Coho,437385,1501.55,Southeastern,A,SEAK
2014,Pink,916314,1502.47,Central,H,CI
2015,Coho,461523,1503.16,Southeastern,A,SEAK
2014,Chum,501966,1520.57,Westward,M,SPen
1991,Pink,1169298,1523.06,Westward,L,SPen
1996,Coho,450512,1526.61,Southeastern,C,SEAK
2015,Coho,504883,1532.71,Southeastern,B,SEAK
1996,Sockeye,499327,1533.35,Southeastern,C,SEAK
1989,Coho,424980,1533.95,Central,E,PWS
1985,Chum,430757,1541.85,Westward,K,Kod
1988,Pink,955589,1550.01,Central,T,WAK
2011,Sockeye,557656,1560.17,Southeastern,A,SEAK
1993,Coho,445612,1563.35,Central,E,PWS
1987,Coho,479093,1569.37,A-Y-K,W,WAK
1994,Pink,1085102,1575.05,Westward,M,WAK
2011,Chum,515805,1580.07,A-Y-K,Y,WAK
2007,Coho,504669,1582.78,Southeastern,A,SEAK
1993,Chum,588331,1598.1,Westward,K,Kod
2015,Chum,552971,1600.8,A-Y-K,Y,WAK
2007,Coho,537195,1601.96,Southeastern,B,SEAK
1994,Sockeye,571345,1606.71,Southeastern,A,SEAK
1995,Chum,527705,1622.05,A-Y-K,Y,WAK
1998,Coho,425152,1629.86,Westward,K,Kod
2003,Sockeye,583055,1630.33,Southeastern,B,SEAK
1990,Chum,522535,1633.72,A-Y-K,W,WAK
1991,Coho,557895,1633.73,A-Y-K,W,WAK
1988,Coho,505533,1636.87,Westward,M,SPen
2005,Chinook,229243,1641.95,Southeastern,D,SEAK
1986,Sockeye,521960,1647.81,Southeastern,A,SEAK
2013,Sockeye,604489,1656.42,Southeastern,A,SEAK
2014,Coho,474265,1663.36,Westward,K,Kod
2005,Coho,555701,1670.07,Southeastern,C,SEAK
2013,Coho,569241,1670.42,Southeastern,C,SEAK
2014,Sockeye,608954,1681.87,Southeastern,A,SEAK
1987,Coho,483938,1685.16,Southeastern,A,SEAK
2004,Coho,542670,1693,A-Y-K,W,WAK
2005,Chum,477435,1693.13,Westward,K,Kod
1989,Coho,597500,1702.75,Southeastern,D,SEAK
2009,Pink,1204321,1703.33,Central,H,CI
2004,Coho,490161,1708.96,Westward,K,Kod
2001,Coho,538769,1717.44,Southeastern,C,SEAK
2006,Pink,1055894,1728.38,Westward,M,WAK
1988,Sockeye,560507,1728.71,Southeastern,A,SEAK
1987,Coho,563384,1732.65,Southeastern,B,SEAK
1987,Chum,511405,1733.04,Central,H,CI
2012,Chum,615538,1735.59,A-Y-K,Y,WAK
2009,Coho,513520,1736.68,Southeastern,A,SEAK
2003,Sockeye,642062,1740.87,Southeastern,A,SEAK
2015,Coho,567885,1742.42,Southeastern,C,SEAK
2002,Chinook,214820,1755.38,Southeastern,D,SEAK
2002,Coho,503615,1761.22,Westward,K,Kod
1999,Coho,649855,1765.54,Southeastern,B,SEAK
2006,Sockeye,706561,1772.43,Southeastern,A,SEAK
2003,Coho,511491,1778.25,Southeastern,A,SEAK
1988,Pink,1127272,1787.9,Southeastern,A,SEAK
1996,Coho,459319,1789.56,Central,E,PWS
2001,Sockeye,614873,1800.12,Westward,M,SPen
1988,Chum,475416,1804.66,Southeastern,D,SEAK
2012,Sockeye,624028,1810.97,Southeastern,A,SEAK
2007,Pink,1155046,1813.55,Westward,M,WAK
1995,Coho,562159,1821.73,A-Y-K,W,WAK
1988,Coho,570639,1829.79,Central,H,CI
1991,Chum,585588,1830.07,A-Y-K,Y,WAK
2010,Coho,517722,1833.27,Southeastern,C,SEAK
1989,Coho,556312,1837.69,A-Y-K,W,WAK
2000,Pink,1539780,1839.41,Central,H,CI
2013,Sockeye,723497,1844.59,Westward,M,WAK
2001,Pink,1281767,1849.67,Westward,L,SPen
2004,Chinook,246618,1850.65,Southeastern,D,SEAK
1986,Coho,425747,1852.63,Central,E,PWS
1987,Chum,601638,1858.56,A-Y-K,W,WAK
2014,Coho,509087,1859.82,Southeastern,A,SEAK
2011,Coho,617095,1862.25,Southeastern,A,SEAK
1996,Sockeye,598704,1867.93,Southeastern,A,SEAK
2007,Sockeye,646482,1869.26,Southeastern,A,SEAK
2014,Sockeye,620339,1878.47,Westward,L,SPen
1995,Chum,577425,1880.73,Central,H,CI
2014,Chum,647251,1883.42,A-Y-K,Y,WAK
1993,Chum,565411,1885.54,Southeastern,C,SEAK
1997,Chum,520331,1886.73,Westward,K,Kod
2003,Chinook,236796,1892.18,Southeastern,D,SEAK
2005,Coho,531771,1894.94,Central,E,PWS
2010,Chum,480147,1910.96,Southeastern,C,SEAK
1989,Pink,1364675,1911.79,Central,H,CI
1992,Pink,1175961,1912.05,Central,H,CI
1987,Pink,1208556,1916.31,Westward,M,SPen
2004,Sockeye,718828,1921.3,Southeastern,B,SEAK
2004,Coho,578253,1927.18,Southeastern,C,SEAK
2001,Coho,494179,1929.07,Central,E,PWS
2015,Chum,680252,1930.6,Westward,M,SPen
1992,Coho,533185,1935.71,Southeastern,C,SEAK
1989,Coho,645552,1943.28,Southeastern,B,SEAK
2012,Chum,679463,1944.97,Central,T,WAK
1994,Coho,599551,1951.75,Central,H,CI
2014,Chum,453100,1957.13,Southeastern,C,SEAK
2004,Coho,584321,1960.42,Southeastern,B,SEAK
1997,Chum,627996,1964.45,Westward,M,SPen
2006,Coho,556310,1969.07,Westward,K,Kod
2003,Chum,639772,1977.84,Westward,M,SPen
1988,Sockeye,791605,1977.95,Southeastern,B,SEAK
2003,Coho,521917,1979.48,Central,E,PWS
2015,Sockeye,766952,1981.57,Southeastern,B,SEAK
1985,Sockeye,669776,1988.49,Southeastern,A,SEAK
1987,Pink,1271470,1995.03,Southeastern,D,SEAK
2010,Pink,1334119,1995.82,Central,T,WAK
1991,Sockeye,699416,1997.38,Southeastern,A,SEAK
2012,Sockeye,765262,2000.23,Westward,M,WAK
1995,Pink,1284764,2004.1,Southeastern,A,SEAK
2010,Chum,581329,2012.61,Westward,L,SPen
1996,Chum,543751,2014.33,Westward,K,Kod
1990,Chum,577750,2014.74,Westward,K,Kod
1988,Coho,626145,2031.88,A-Y-K,W,WAK
1986,Coho,533769,2040.78,Southeastern,A,SEAK
2009,Pink,1408339,2042.37,Westward,L,SPen
2011,Chum,702386,2044.9,Central,T,WAK
2004,Sockeye,704652,2045.59,Westward,L,SPen
2015,Coho,629552,2045.81,Southeastern,D,SEAK
2013,Chum,726420,2046.48,A-Y-K,Y,WAK
2012,Chum,625325,2048.8,Westward,M,SPen
2005,Sockeye,787127,2048.93,Southeastern,B,SEAK
1985,Chum,521373,2053.93,A-Y-K,X,WAK
2005,Coho,694799,2062.33,Southeastern,A,SEAK
1986,Sockeye,749234,2068.27,Southeastern,B,SEAK
1998,Coho,548174,2073.21,Southeastern,C,SEAK
1988,Pink,1395767,2073.21,Central,H,CI
1985,Pink,1317545,2082.04,Central,H,CI
1993,Coho,694582,2087.21,A-Y-K,W,WAK
1988,Coho,478531,2095.25,Central,E,PWS
2012,Coho,711786,2096.17,Southeastern,D,SEAK
2004,Chum,732535,2114.81,Central,T,WAK
2002,Coho,627766,2132.23,Southeastern,C,SEAK
1986,Coho,736910,2139.36,A-Y-K,W,WAK
2003,Coho,649472,2143.46,Southeastern,C,SEAK
1988,Sockeye,768350,2143.85,Central,E,PWS
1993,Sockeye,780060,2144.51,Southeastern,A,SEAK
2008,Sockeye,687270,2147.5,Westward,L,SPen
1990,Coho,524299,2147.72,Central,E,PWS
2003,Coho,641282,2149.12,Southeastern,D,SEAK
2010,Coho,584179,2153.22,Southeastern,B,SEAK
2014,Pink,1298214,2160.72,Central,T,WAK
1997,Coho,570374,2166.96,Southeastern,A,SEAK
1998,Sockeye,786356,2171.84,Southeastern,B,SEAK
2007,Chum,681121,2192.79,Westward,M,SPen
1999,Pink,1698651,2197.85,Westward,L,SPen
1997,Sockeye,770347,2204.73,Westward,L,SPen
2007,Coho,735110,2205.91,Southeastern,D,SEAK
2010,Pink,1250752,2209.35,Southeastern,A,SEAK
2005,Chum,742434,2219.54,Westward,M,SPen
1985,Coho,677540,2224.01,Central,H,CI
1992,Chum,679559,2235.46,Westward,K,Kod
2013,Coho,619538,2235.54,Central,E,PWS
2003,Coho,696127,2256.2,Southeastern,B,SEAK
2014,Coho,615684,2256.97,Central,E,PWS
2010,Coho,605533,2258.69,Southeastern,A,SEAK
1995,Chum,723453,2261.71,A-Y-K,W,WAK
1985,Chum,680806,2262.85,Westward,M,WAK
2005,Coho,753278,2264.69,Southeastern,B,SEAK
2012,Coho,728987,2264.75,Southeastern,B,SEAK
2008,Coho,573443,2264.96,Southeastern,A,SEAK
1986,Coho,776755,2276.01,Central,H,CI
1985,Sockeye,856063,2287.31,Southeastern,B,SEAK
2011,Chum,626404,2294.68,Southeastern,C,SEAK
2002,Chum,650178,2296.28,Westward,K,Kod
1992,Sockeye,798272,2316.65,Southeastern,A,SEAK
1998,Chum,721068,2318.84,Westward,M,SPen
1994,Chum,646868,2319.75,Southeastern,C,SEAK
1988,Coho,552100,2323.2,Southeastern,A,SEAK
1985,Chum,614545,2328.29,Southeastern,D,SEAK
1998,Coho,621637,2340.84,Southeastern,A,SEAK
1985,Coho,717559,2343.85,Southeastern,D,SEAK
2014,Coho,679244,2354.1,Southeastern,C,SEAK
2004,Chum,794660,2359.79,Westward,M,SPen
2001,Sockeye,821086,2363.21,Southeastern,A,SEAK
1998,Coho,677096,2378.19,Southeastern,B,SEAK
2011,Sockeye,927491,2391.18,Westward,M,WAK
2012,Pink,1474238,2393.47,Southeastern,C,SEAK
2008,Coho,550629,2396.97,Central,E,PWS
2014,Sockeye,936580,2403.3,Southeastern,B,SEAK
1986,Chum,542592,2404.47,Southeastern,A,SEAK
2006,Coho,764700,2407,Southeastern,D,SEAK
1993,Pink,1648377,2410.3,Westward,L,SPen
1987,Chum,682021,2419.51,Westward,K,Kod
2006,Pink,1284414,2420.68,Southeastern,C,SEAK
2011,Coho,889834,2422.8,Southeastern,D,SEAK
2014,Chum,636187,2431.44,A-Y-K,X,WAK
1992,Coho,619572,2434.61,Central,E,PWS
1996,Coho,755405,2445.74,Southeastern,B,SEAK
1993,Chum,838382,2446.8,Central,T,WAK
2006,Coho,691998,2463.23,Southeastern,A,SEAK
2015,Chum,771383,2466.6,Westward,K,Kod
2002,Coho,678225,2469.02,Southeastern,B,SEAK
1985,Sockeye,921502,2470.4,Westward,L,SPen
2001,Sockeye,899306,2473.35,Southeastern,B,SEAK
1989,Chum,802199,2474.81,A-Y-K,W,WAK
1985,Chum,784390,2483.86,A-Y-K,Y,WAK
2009,Coho,840144,2485.34,Southeastern,D,SEAK
1994,Chum,738856,2490.56,Westward,K,Kod
1991,Coho,641861,2507.31,Central,E,PWS
2004,Sockeye,936630,2507.69,Southeastern,A,SEAK
2009,Coho,834845,2517.93,Southeastern,B,SEAK
2001,Coho,758933,2519.99,Southeastern,A,SEAK
1987,Sockeye,803115,2520.23,Southeastern,A,SEAK
2011,Chum,824562,2525.04,Westward,K,Kod
1987,Chum,690984,2531.42,Southeastern,D,SEAK
1994,Chum,895032,2534.6,Central,T,WAK
1990,Sockeye,911607,2536.38,Central,E,PWS
1997,Coho,852751,2536.52,Southeastern,D,SEAK
1993,Coho,908426,2537.38,Southeastern,B,SEAK
2004,Coho,620121,2538.91,Central,E,PWS
1995,Coho,753397,2543.11,Southeastern,B,SEAK
1989,Sockeye,913084,2551.16,Southeastern,B,SEAK
2010,Chum,734903,2558.42,Westward,K,Kod
1992,Chum,684959,2562.79,Southeastern,C,SEAK
1987,Pink,1541615,2564.5,Southeastern,C,SEAK
2010,Chum,794279,2566.38,Westward,M,SPen
2007,Chum,728927,2570.51,Westward,K,Kod
2008,Coho,692290,2571.43,Southeastern,B,SEAK
1996,Chum,826631,2578.88,Central,T,WAK
1988,Sockeye,795841,2592.03,Westward,L,SPen
1992,Coho,782558,2593.03,A-Y-K,W,WAK
1999,Chum,840030,2593.1,Westward,M,SPen
2008,Chum,814138,2622.24,Westward,M,SPen
1992,Pink,1554073,2630.45,Westward,L,SPen
1994,Coho,781370,2634.92,Southeastern,C,SEAK
2007,Sockeye,834547,2635.01,Westward,L,SPen
2001,Coho,839898,2641.99,Southeastern,B,SEAK
1992,Chum,920624,2647.57,Central,T,WAK
2015,Pink,1978211,2650.69,Westward,L,SPen
2006,Sockeye,902709,2653.05,Westward,L,SPen
1989,Coho,767425,2654.33,Southeastern,A,SEAK
1996,Chum,794642,2654.35,Westward,M,SPen
1995,Sockeye,1030594,2667.89,Southeastern,B,SEAK
2000,Coho,896063,2674.44,Southeastern,D,SEAK
2008,Pink,1604247,2687.1,Southeastern,C,SEAK
2002,Coho,749979,2693.31,Southeastern,A,SEAK
2002,Sockeye,1036722,2695.66,Westward,M,SPen
1995,Chum,758545,2702.72,Central,E,PWS
2001,Chum,831949,2707.87,Central,T,WAK
2002,Chum,820257,2710.62,Westward,M,SPen
1986,Chum,860886,2711.4,A-Y-K,Y,WAK
2003,Chum,933031,2733.84,Central,T,WAK
1986,Pink,1834791,2743.66,Southeastern,C,SEAK
1998,Sockeye,1087552,2759.04,Westward,M,WAK
2010,Chum,1001223,2764.95,Central,T,WAK
2002,Coho,650518,2765.21,Central,E,PWS
1985,Chum,803487,2780.51,Central,H,CI
1995,Chum,979880,2816.37,Central,T,WAK
2013,Chum,795123,2825.73,Westward,K,Kod
2009,Pink,1900993,2829.48,Westward,M,WAK
1985,Coho,831003,2834.02,Southeastern,B,SEAK
2002,Chum,710109,2835.45,Southeastern,C,SEAK
2013,Coho,905334,2836.05,Southeastern,A,SEAK
1989,Sockeye,943499,2839.14,Southeastern,A,SEAK
2009,Chum,750286,2853.06,Southeastern,C,SEAK
1991,Coho,972070,2860.96,Southeastern,D,SEAK
1993,Coho,1130886,2877.57,Southeastern,D,SEAK
1999,Coho,1042333,2894.37,Southeastern,A,SEAK
2005,Coho,999006,2900.34,Southeastern,D,SEAK
2003,Sockeye,1055270,2905.24,Westward,M,SPen
1991,Chum,741967,2906.98,Southeastern,A,SEAK
1998,Sockeye,1054439,2920.25,Westward,L,SPen
2004,Coho,816949,2922.47,Southeastern,A,SEAK
1992,Coho,840645,2923.4,Southeastern,B,SEAK
2011,Chum,979187,2951.72,Westward,M,SPen
1990,Chum,1055409,2965.74,Central,T,WAK
1994,Coho,863986,2972.49,A-Y-K,W,WAK
1993,Chum,1048257,2976.13,Westward,M,SPen
1991,Chum,874853,2978.48,Southeastern,D,SEAK
2008,Coho,784796,2984.77,Southeastern,D,SEAK
2015,Chum,1095947,2999.91,Central,T,WAK
2013,Pink,2147167,3001.55,Central,H,CI
1991,Coho,956524,3001.6,Southeastern,B,SEAK
2007,Sockeye,1038173,3007.93,Southeastern,B,SEAK
2001,Sockeye,1151393,3008.03,Westward,M,WAK
1998,Pink,2011008,3010.86,Central,H,CI
1991,Sockeye,1154279,3014.35,Southeastern,B,SEAK
2000,Coho,714288,3033.06,Central,E,PWS
2012,Pink,1675608,3062.39,Southeastern,D,SEAK
1989,Chum,994231,3072.01,Westward,M,SPen
2006,Coho,763720,3095.15,Central,E,PWS
2012,Chum,866423,3095.74,Westward,K,Kod
1986,Chum,799123,3096.37,Southeastern,D,SEAK
1985,Chum,1068461,3101.28,Central,T,WAK
2010,Coho,880179,3101.57,Southeastern,D,SEAK
1996,Coho,1007426,3102.07,Southeastern,D,SEAK
2013,Chum,952544,3108.39,Westward,M,SPen
2013,Coho,1098566,3120.71,Southeastern,B,SEAK
1992,Chum,880129,3148.11,Southeastern,A,SEAK
2006,Pink,1876646,3167.99,Central,H,CI
1994,Pink,2171602,3168.5,Central,H,CI
2013,Chum,762569,3173.02,Southeastern,C,SEAK
2014,Coho,1007583,3177.76,Southeastern,B,SEAK
1991,Coho,885595,3180.57,Southeastern,A,SEAK
1996,Coho,943608,3231.27,Southeastern,A,SEAK
1989,Sockeye,1289536,3232.6,Westward,K,Kod
2001,Chum,933691,3232.94,Westward,M,SPen
1987,Sockeye,1209510,3245.79,Westward,M,WAK
1991,Chum,1029071,3258.82,Westward,K,Kod
2010,Sockeye,1287807,3259.8,Westward,M,SPen
2003,Sockeye,1100297,3261.19,Westward,L,SPen
1996,Pink,2207503,3261.3,Westward,M,SPen
2015,Chum,804051,3267.08,Southeastern,C,SEAK
1993,Coho,1167992,3274.94,Southeastern,A,SEAK
1997,Pink,2321371,3280.61,Westward,M,SPen
1999,Chum,913867,3281.58,Westward,K,Kod
1995,Chum,851077,3283.28,Southeastern,C,SEAK
1987,Chum,765797,3285.8,Southeastern,A,SEAK
2002,Sockeye,1050553,3286.18,Westward,L,SPen
2008,Pink,1902139,3290.47,Southeastern,D,SEAK
2013,Chum,1138233,3295.44,Central,T,WAK
2001,Coho,1160916,3320.81,Southeastern,D,SEAK
1995,Pink,2057998,3334.08,Westward,L,SPen
2009,Chum,955813,3348.53,Westward,K,Kod
2007,Pink,2019748,3351.15,Westward,L,SPen
1985,Coho,855866,3381.6,Southeastern,A,SEAK
1993,Chum,1186365,3385.79,Central,E,PWS
2005,Sockeye,1152133,3411.6,Westward,L,SPen
2002,Sockeye,1418241,3462.83,Westward,M,WAK
2008,Chum,908035,3465.48,Westward,K,Kod
2007,Chum,865588,3480.04,Southeastern,C,SEAK
1988,Chum,790356,3489.47,Southeastern,A,SEAK
1992,Coho,1123467,3494.88,Southeastern,D,SEAK
2010,Sockeye,1439656,3503.04,Westward,K,Kod
1986,Sockeye,1223089,3541.1,Westward,M,SPen
2008,Chum,1259761,3554.14,Central,T,WAK
2005,Chum,830327,3554.8,Southeastern,C,SEAK
1993,Chum,1123664,3558.11,Southeastern,A,SEAK
1989,Chum,1258808,3570.23,Central,T,WAK
1986,Sockeye,1288213,3574.56,Central,E,PWS
1991,Pink,3119362,3584.93,Southeastern,D,SEAK
2002,Pink,2170809,3589.76,Westward,M,SPen
1991,Chum,1289749,3597.76,Central,T,WAK
1989,Sockeye,1175316,3613.37,Central,E,PWS
1989,Sockeye,1159287,3614.8,Westward,L,SPen
1986,Chum,1227135,3618.92,Central,T,WAK
1998,Sockeye,1512583,3630.76,Central,H,CI
2005,Pink,2355670,3637.54,Central,H,CI
2008,Sockeye,1301040,3659.66,Central,E,PWS
1994,Sockeye,1383835,3678.62,Southeastern,B,SEAK
1990,Chum,1237945,3680.22,Westward,M,SPen
2004,Coho,1105140,3680.37,Southeastern,D,SEAK
1994,Coho,1167769,3680.41,Southeastern,B,SEAK
2006,Sockeye,1585630,3687.14,Westward,K,Kod
2008,Pink,2389958,3715.99,Westward,L,SPen
2000,Chum,1066653,3723.3,Westward,M,SPen
2003,Chum,1151885,3742.48,Westward,K,Kod
2009,Sockeye,1198105,3747.8,Westward,L,SPen
2009,Chum,1325250,3759.44,Central,T,WAK
2013,Coho,1303821,3768.33,Southeastern,D,SEAK
1995,Coho,1171124,3773.72,Southeastern,D,SEAK
1998,Coho,1142173,3777.05,Southeastern,D,SEAK
1999,Coho,1469487,3784.18,Southeastern,D,SEAK
2014,Sockeye,1429447,3784.23,Westward,M,SPen
1992,Sockeye,1277449,3797.88,Westward,L,SPen
2002,Pink,2441407,3830.12,Central,H,CI
1986,Chum,1134397,3833.09,Westward,K,Kod
1989,Pink,2393624,3838.86,Southeastern,D,SEAK
1995,Coho,1024283,3859.01,Southeastern,A,SEAK
1988,Chum,1036520,3863.17,Central,H,CI
2015,Sockeye,1552495,3873.19,Westward,L,SPen
2004,Chum,1121873,3899.15,Westward,K,Kod
2001,Chum,1053763,3900.31,Westward,K,Kod
1994,Sockeye,1515320,3946.84,Central,E,PWS
2011,Chum,1202911,3959.44,Southeastern,D,SEAK
1995,Pink,2982154,3959.96,Central,H,CI
1985,Sockeye,1842731,3962,Westward,K,Kod
1995,Sockeye,1523464,3970.23,Central,E,PWS
1985,Sockeye,1450171,3970.25,Central,E,PWS
2003,Sockeye,1483638,3977.32,Westward,M,WAK
1996,Coho,1101633,3982.38,A-Y-K,W,WAK
1989,Chum,1001783,4010.23,Central,E,PWS
1992,Chum,1316709,4014.51,Westward,M,SPen
1990,Pink,2865864,4027.55,Westward,M,SPen
1988,Sockeye,1473651,4034.12,Westward,M,SPen
2006,Chum,1186362,4034.66,Westward,M,SPen
1997,Pink,2885557,4034.95,Central,H,CI
1990,Chum,967384,4042.28,Central,E,PWS
1994,Chum,1058227,4071.83,Central,E,PWS
1992,Sockeye,1533023,4073.66,Southeastern,B,SEAK
2010,Sockeye,1379785,4073.68,Westward,L,SPen
1995,Coho,965017,4096.83,Central,E,PWS
1989,Chum,1253450,4103.2,A-Y-K,Y,WAK
1999,Sockeye,1783804,4107.65,Westward,M,WAK
2006,Chum,1082132,4128.41,Westward,K,Kod
2005,Chum,1397086,4131.15,Central,T,WAK
1985,Chum,1348726,4141.56,Westward,M,SPen
2002,Coho,1186528,4155.76,Southeastern,D,SEAK
2000,Pink,2729994,4158.17,Southeastern,A,SEAK
1986,Chum,1228810,4159.71,Central,H,CI
1986,Coho,1299766,4161.51,Southeastern,D,SEAK
1988,Sockeye,1532431,4182.75,Westward,M,WAK
2012,Chum,932651,4212.16,Southeastern,C,SEAK
1988,Chum,1309633,4212.24,A-Y-K,Y,WAK
2000,Sockeye,1431540,4228.36,Central,E,PWS
1987,Sockeye,1449753,4330.67,Westward,M,SPen
2000,Pink,2767748,4341.32,Southeastern,C,SEAK
1986,Coho,1261946,4353.03,Southeastern,B,SEAK
1986,Pink,2709626,4375.96,Central,H,CI
1996,Sockeye,1543134,4389.24,Westward,M,SPen
2000,Sockeye,1581086,4420.76,Central,H,CI
1987,Chum,1375887,4425.63,Westward,M,SPen
2000,Chum,1194448,4427.21,Westward,K,Kod
1987,Chum,1529142,4484.69,Central,T,WAK
1997,Chum,1059830,4490.31,Southeastern,C,SEAK
2009,Sockeye,1728360,4493.43,Westward,K,Kod
1988,Chum,1446618,4515.72,A-Y-K,W,WAK
1992,Coho,1198910,4551.29,Southeastern,A,SEAK
2000,Pink,3562866,4564.18,Westward,M,SPen
2004,Pink,2876094,4570.79,Central,H,CI
1987,Chum,1125934,4587.77,Southeastern,B,SEAK
2008,Sockeye,1821656,4599.07,Westward,K,Kod
1994,Sockeye,1618973,4602.07,Westward,L,SPen
1989,Sockeye,1726940,4609.72,Westward,M,WAK
1996,Sockeye,1640271,4617.93,Southeastern,B,SEAK
2009,Sockeye,1725481,4618.67,Westward,M,SPen
1997,Sockeye,1660126,4622.09,Southeastern,B,SEAK
1991,Chum,1588791,4625.17,Westward,M,SPen
1988,Chum,1469715,4626.71,Central,T,WAK
1998,Chum,1271950,4636.72,Central,E,PWS
1993,Sockeye,1697351,4652.69,Westward,L,SPen
1994,Coho,1058175,4689.29,Central,E,PWS
1996,Chum,1049422,4690.79,Southeastern,C,SEAK
2002,Sockeye,1831014,4693.54,Westward,K,Kod
1998,Sockeye,1717275,4701.58,Central,E,PWS
1991,Sockeye,1734544,4703.4,Central,E,PWS
1996,Pink,3390544,4718.32,Southeastern,A,SEAK
1985,Coho,1024553,4724.22,Central,E,PWS
1992,Chum,1427780,4740.63,Southeastern,D,SEAK
1993,Sockeye,1851133,4803.59,Central,E,PWS
1992,Sockeye,1771612,4807.16,Central,E,PWS
1988,Pink,2997159,4864.1,Westward,L,SPen
1991,Chum,1369216,4869.26,Southeastern,B,SEAK
1985,Chum,1121229,4872.77,Southeastern,A,SEAK
1996,Pink,3353878,4886.34,Southeastern,D,SEAK
2005,Chum,1256247,4899.53,Southeastern,A,SEAK
1985,Chum,1297472,4910.95,Central,E,PWS
2014,Sockeye,1971340,4922.97,Westward,M,WAK
2000,Chum,1218114,4937.87,Southeastern,C,SEAK
2004,Sockeye,1892525,4979.05,Central,E,PWS
1995,Pink,3374322,4997.92,Southeastern,D,SEAK
2006,Sockeye,1851491,5009.39,Westward,M,SPen
2001,Chum,1260954,5013.74,Southeastern,C,SEAK
2001,Sockeye,1511587,5021.46,Westward,L,SPen
1996,Sockeye,1911126,5037.62,Westward,M,WAK
2000,Sockeye,1970364,5048.37,Westward,M,WAK
1992,Pink,3455995,5091.52,Southeastern,D,SEAK
1987,Pink,3242481,5097.28,Southeastern,A,SEAK
1986,Sockeye,1645834,5105.12,Westward,L,SPen
1987,Sockeye,1793820,5111.28,Westward,K,Kod
2008,Sockeye,2006184,5119.01,Westward,M,WAK
1985,Chum,1264102,5136.12,Southeastern,B,SEAK
1993,Sockeye,1951393,5147.07,Southeastern,B,SEAK
2007,Sockeye,2014208,5174.75,Westward,K,Kod
1995,Chum,1522810,5176.6,Westward,K,Kod
1995,Sockeye,1724045,5226.44,Westward,L,SPen
2011,Sockeye,1919235,5229.3,Westward,M,SPen
1994,Sockeye,2107233,5234.07,Westward,M,SPen
1989,Chum,1157272,5254.04,Southeastern,B,SEAK
2014,Chum,1516962,5272.61,Central,E,PWS
1985,Sockeye,2144416,5291.94,Westward,M,SPen
1987,Sockeye,1742059,5293.72,Central,E,PWS
2009,Chum,1684944,5297.95,Westward,M,SPen
2005,Sockeye,1988771,5325.09,Central,E,PWS
2007,Chum,1939714,5332.85,Central,T,WAK
1998,Pink,3471269,5375.15,Southeastern,A,SEAK
2014,Pink,3189879,5410.49,Southeastern,D,SEAK
2009,Pink,3814354,5436.23,Southeastern,D,SEAK
2014,Coho,1595357,5442.87,Southeastern,D,SEAK
2009,Sockeye,1919185,5448.42,Central,E,PWS
2004,Chum,1471947,5449,Southeastern,C,SEAK
2000,Pink,3600089,5458.94,Southeastern,D,SEAK
2012,Sockeye,2022630,5465.15,Westward,M,SPen
2001,Sockeye,2047600,5471.07,Central,H,CI
1996,Pink,3486930,5472.57,Westward,K,Kod
1995,Chum,1728321,5490.81,Westward,M,SPen
1999,Sockeye,2036707,5526.04,Central,E,PWS
2009,Pink,3913548,5529.65,Southeastern,C,SEAK
2008,Sockeye,2249150,5560.62,Westward,M,SPen
2012,Sockeye,1800121,5563.87,Westward,L,SPen
2006,Sockeye,2428080,5564,Central,H,CI
1997,Sockeye,2154956,5600.94,Westward,M,WAK
2000,Sockeye,2006487,5610.2,Westward,M,SPen
1992,Pink,3310644,5626.35,Westward,K,Kod
1995,Pink,3827093,5645.86,Southeastern,C,SEAK
2012,Sockeye,2239301,5664.9,Westward,K,Kod
2004,Sockeye,2206683,5687.08,Westward,M,SPen
2006,Pink,2858795,5692.53,Southeastern,B,SEAK
1998,Sockeye,2183776,5703.87,Westward,M,SPen
2010,Sockeye,2045144,5711.55,Central,E,PWS
1986,Chum,1749651,5726.41,Westward,M,SPen
1988,Chum,1426976,5757.39,Westward,K,Kod
1995,Chum,1492531,5800.8,Southeastern,A,SEAK
2014,Chum,1579253.8,5857.06,Southeastern,D,SEAK
1991,Sockeye,2392882,5863.23,Westward,M,WAK
2010,Sockeye,2233550,5875.21,Westward,M,WAK
1991,Sockeye,1899294,5882.1,Westward,L,SPen
1997,Sockeye,2281566,5901.18,Westward,M,SPen
1997,Sockeye,2506463,5971.06,Westward,K,Kod
1998,Chum,1469067,5995.92,Southeastern,A,SEAK
2001,Chum,1592578.82,6015.26,Southeastern,A,SEAK
2013,Sockeye,2242691,6037.84,Westward,M,SPen
1991,Sockeye,2319957,6040.25,Westward,M,SPen
2006,Sockeye,2379945,6052.63,Westward,M,WAK
2007,Sockeye,2450221,6093.88,Westward,M,SPen
2011,Sockeye,2269302,6114.39,Westward,K,Kod
1990,Sockeye,2427807,6117.81,Westward,M,WAK
1994,Coho,1847811,6119.93,Southeastern,D,SEAK
2003,Pink,3809197,6173.65,Southeastern,D,SEAK
2006,Chum,1342632,6174.57,Southeastern,C,SEAK
1991,Sockeye,2507889,6189.78,Central,H,CI
1986,Pink,4031487,6192.19,Westward,M,SPen
2000,Sockeye,1775225,6198.89,Westward,L,SPen
2006,Chum,2243659,6262.71,Central,T,WAK
1990,Sockeye,2093650,6264.01,Westward,L,SPen
2001,Sockeye,2263274,6302.34,Central,E,PWS
2001,Pink,4158353,6304.82,Southeastern,D,SEAK
1998,Chum,1599217,6319.12,Southeastern,C,SEAK
1994,Chum,1859423,6332.04,Southeastern,A,SEAK
1987,Sockeye,1898838,6351.07,Westward,L,SPen
2009,Sockeye,2340089,6374.64,Central,H,CI
2004,Sockeye,2437623,6391.52,Westward,M,WAK
2006,Sockeye,2524501,6402.93,Central,E,PWS
1990,Sockeye,2386917,6408.72,Westward,M,SPen
1985,Sockeye,2598831,6426.09,Westward,M,WAK
2011,Chum,1914525,6427.71,Central,E,PWS
1986,Chum,1705426,6452.2,Central,E,PWS
2006,Pink,4264143,6464.48,Westward,M,SPen
1988,Chum,1908507,6466.5,Westward,M,SPen
1986,Sockeye,2471437,6488.52,Westward,M,WAK
2005,Sockeye,2338318,6495.46,Westward,M,SPen
1994,Sockeye,2878238,6505.54,Westward,K,Kod
2013,Sockeye,2334623,6519.42,Central,E,PWS
2009,Sockeye,2430163,6547.77,Westward,M,WAK
2002,Sockeye,2263328,6555.68,Central,E,PWS
2006,Pink,3730885,6556.98,Southeastern,D,SEAK
2006,Pink,3804819,6618.06,Southeastern,A,SEAK
1994,Chum,2192079,6666.04,Westward,M,SPen
2001,Sockeye,2659732,6685.56,Westward,K,Kod
2001,Pink,4021482,6726.97,Westward,M,SPen
2014,Pink,3942104.7,6729.38,Southeastern,C,SEAK
1986,Chum,1700256,6729.73,Southeastern,B,SEAK
2013,Sockeye,2577209,6750.12,Westward,K,Kod
1996,Sockeye,1958393,6759.77,Westward,L,SPen
2004,Chum,2001949,6825.37,Central,E,PWS
2015,Sockeye,3103703,6849.97,Westward,K,Kod
2015,Sockeye,2899250,6855.44,Central,H,CI
1987,Chum,1953777,6884.51,Central,E,PWS
1994,Sockeye,2783327,6957.3,Westward,M,WAK
2015,Sockeye,2736624,6973.54,Westward,M,WAK
1989,Sockeye,2661217,6980.86,Westward,M,SPen
2003,Chum,2303342,7001.09,Southeastern,C,SEAK
1988,Sockeye,2701276,7025.39,Westward,K,Kod
2015,Chum,2512460,7045.23,Central,E,PWS
1993,Pink,5256838,7077.75,Southeastern,D,SEAK
2012,Chum,2084881,7098.05,Southeastern,D,SEAK
2007,Chum,2122785,7154.46,Southeastern,D,SEAK
2014,Sockeye,2621776,7178.54,Central,H,CI
1988,Chum,1850523,7186.13,Central,E,PWS
1994,Coho,1924750,7186.28,Southeastern,A,SEAK
1995,Sockeye,3016211,7304.59,Westward,M,SPen
2008,Sockeye,2804722,7319.59,Central,H,CI
1992,Pink,4935142,7347.1,Southeastern,A,SEAK
1999,Sockeye,2991819,7391.84,Westward,M,SPen
2003,Pink,4262920,7400.84,Westward,M,SPen
1992,Chum,1943647,7471.9,Southeastern,B,SEAK
1993,Pink,5761097,7474.56,Central,E,PWS
2005,Chum,2099493,7493.47,Central,E,PWS
2011,Pink,5005771,7502.81,Westward,M,SPen
2003,Sockeye,2730160,7556.89,Central,E,PWS
2000,Sockeye,2906466,7559.59,Westward,K,Kod
1987,Pink,4224856,7589.23,Southeastern,B,SEAK
2005,Chum,1749827,7613.88,Southeastern,B,SEAK
2005,Sockeye,3052301,7615.04,Westward,K,Kod
1997,Chum,1794357,7740.68,Southeastern,A,SEAK
2014,Sockeye,3266317,7752.49,Westward,K,Kod
2013,Sockeye,2405151,7761.06,Westward,L,SPen
2008,Chum,1916061,7918.44,Southeastern,B,SEAK
1998,Sockeye,3623712,7950.34,Westward,K,Kod
2015,Sockeye,3221693,7990.77,Central,E,PWS
1999,Sockeye,3194605,7991.76,Central,H,CI
2013,Sockeye,2859527,8054.72,Central,H,CI
1996,Chum,3071702,8063.21,Southeastern,A,SEAK
1988,Chum,1985075,8096.99,Southeastern,B,SEAK
1995,Sockeye,3272758,8097.09,Westward,M,WAK
2011,Sockeye,2497004,8115.32,Westward,L,SPen
2010,Sockeye,2928105,8126.36,Central,H,CI
1996,Pink,5842445,8157.02,Southeastern,C,SEAK
2002,Pink,5061116,8164.91,Southeastern,D,SEAK
1985,Pink,4431016,8172.2,Westward,M,SPen
1995,Sockeye,3242594,8177.67,Central,H,CI
2002,Chum,1902819,8184.54,Southeastern,B,SEAK
2015,Sockeye,3209917,8189.4,Westward,M,SPen
1996,Chum,2103559,8257.31,Central,E,PWS
1987,Pink,5075508,8304.01,Westward,K,Kod
1986,Sockeye,3188049,8406.58,Westward,K,Kod
2010,Pink,4536616,8533.6,Southeastern,D,SEAK
2005,Sockeye,3118098,8556.09,Westward,M,WAK
2006,Chum,2181580,8621.94,Central,E,PWS
1990,Pink,5983812,8623.68,Westward,K,Kod
1996,Sockeye,3000602,8645.85,Central,E,PWS
1997,Chum,2227193,8693.35,Central,E,PWS
2002,Pink,5618069,8770.14,Southeastern,A,SEAK
2002,Sockeye,3101775,8871.3,Central,H,CI
1992,Sockeye,3445914,8873.18,Westward,M,SPen
2009,Chum,2923237,8881.95,Southeastern,D,SEAK
2007,Sockeye,3410482,8884.05,Westward,M,WAK
2001,Pink,5787782,8904.46,Southeastern,A,SEAK
2007,Pink,5592651,8997.52,Southeastern,A,SEAK
2014,Sockeye,3305481,9014.83,Central,E,PWS
2014,Chum,2048366,9016.19,Southeastern,B,SEAK
2007,Pink,5856474,9034.56,Southeastern,D,SEAK
2015,Pink,5253588,9054.57,Southeastern,C,SEAK
2003,Chum,2803695,9086.09,Southeastern,A,SEAK
1992,Sockeye,3578593,9115.88,Westward,M,WAK
1999,Sockeye,25660040,9130.64,Central,T,WAK
2009,Chum,2337378,9140.69,Southeastern,B,SEAK
2015,Pink,6436882,9187.71,Central,H,CI
1989,Pink,6825124,9238.89,Westward,K,Kod
1993,Chum,2662908,9257.37,Southeastern,B,SEAK
1993,Sockeye,3689074,9322.19,Westward,M,SPen
1999,Sockeye,3116527,9330.42,Westward,L,SPen
2013,Chum,2163849,9341.15,Southeastern,B,SEAK
2007,Sockeye,3231202,9343.27,Central,E,PWS
1991,Pink,8268302,9402,Southeastern,A,SEAK
1994,Sockeye,3706195,9479.38,Central,H,CI
2015,Chum,2974140,9513.73,Southeastern,D,SEAK
1999,Chum,2310828,9537.26,Southeastern,A,SEAK
2015,Chum,3120468,9604.59,Southeastern,A,SEAK
2003,Chum,3236673,9762.66,Southeastern,D,SEAK
2005,Chum,2591129,9788.61,Southeastern,D,SEAK
1997,Pink,5697832,9791.09,Southeastern,D,SEAK
2003,Sockeye,4053857,9858.73,Westward,K,Kod
2002,Chum,2428321,9859.02,Southeastern,D,SEAK
2011,Sockeye,3542007,9930.06,Central,E,PWS
2001,Chum,2689934,9940.09,Southeastern,D,SEAK
2004,Pink,6681447,9955.7,Westward,M,SPen
1994,Pink,7146473,9962.74,Southeastern,D,SEAK
2004,Sockeye,4169615,10007.88,Westward,K,Kod
2010,Chum,2795353,10015.4,Southeastern,D,SEAK
1993,Sockeye,3866593,10064.27,Westward,M,WAK
1999,Chum,2294615,10075.36,Southeastern,C,SEAK
2009,Pink,6879169,10084.82,Southeastern,A,SEAK
2012,Sockeye,3332508,10136.73,Central,H,CI
1993,Sockeye,4378941,10186.39,Westward,K,Kod
2004,Chum,2619200,10204.61,Southeastern,B,SEAK
2007,Sockeye,3693857,10246.94,Central,H,CI
1991,Pink,8747819,10269.75,Southeastern,C,SEAK
1989,Pink,6607011,10298.7,Southeastern,A,SEAK
2004,Chum,2891973,10307.88,Southeastern,A,SEAK
2010,Chum,2860635,10331.66,Southeastern,A,SEAK
1985,Pink,7094503,10356.33,Southeastern,D,SEAK
2003,Chum,2771247,10390.59,Southeastern,B,SEAK
1995,Sockeye,4488545,10402.06,Westward,K,Kod
2007,Pink,6580020,10478.06,Southeastern,C,SEAK
1993,Chum,3527887,10484.41,Southeastern,D,SEAK
2010,Pink,5877500,10526.13,Southeastern,C,SEAK
2001,Chum,3099796,10658.99,Central,E,PWS
2014,Chum,2598921,10723.1,Southeastern,A,SEAK
1992,Sockeye,4167877,10743.3,Westward,K,Kod
2002,Chum,2413758,10782.92,Southeastern,A,SEAK
2003,Sockeye,4137543,10816.12,Central,H,CI
1990,Sockeye,3819578,10882.69,Central,H,CI
2009,Chum,3222176,10979.09,Central,E,PWS
1985,Sockeye,4338826,10991.8,Central,H,CI
2003,Chum,3804895,11006.92,Central,E,PWS
2013,Pink,7802907,11037.27,Westward,M,SPen
1999,Chum,2960822,11069.22,Central,E,PWS
1999,Sockeye,4653057,11107.15,Westward,K,Kod
1985,Pink,8068192,11140.54,Southeastern,A,SEAK
2007,Chum,3579068,11248.55,Central,E,PWS
1997,Pink,6378258,11366.61,Southeastern,A,SEAK
2012,Sockeye,3700809,11379.83,Central,E,PWS
1988,Pink,7044824,11396.89,Westward,M,SPen
1993,Pink,8909350,11431.85,Southeastern,A,SEAK
2009,Chum,3656981,11486.3,Southeastern,A,SEAK
2009,Pink,7921119,11531.17,Westward,M,SPen
1994,Chum,3146616,11549.55,Southeastern,B,SEAK
2015,Pink,7136113,11581.9,Southeastern,D,SEAK
2007,Chum,3300046,11648.81,Southeastern,A,SEAK
1999,Pink,8456449,11739.99,Westward,M,SPen
1997,Pink,7044507,11932.17,Southeastern,C,SEAK
1997,Sockeye,4163400,11946.88,Central,E,PWS
2008,Chum,3215818,11952.53,Southeastern,D,SEAK
2005,Pink,7294985,12003.63,Southeastern,C,SEAK
1998,Pink,7833285,12117.79,Southeastern,C,SEAK
1985,Pink,7334825,12140.09,Westward,K,Kod
2007,Pink,7306366,12194.72,Westward,M,SPen
1985,Pink,8723321,12246.22,Southeastern,C,SEAK
1992,Pink,8202467,12258.68,Southeastern,C,SEAK
1996,Sockeye,4375582,12261.74,Central,H,CI
2012,Chum,3819046,12340.99,Central,E,PWS
1990,Sockeye,5248407,12388.15,Westward,K,Kod
1989,Pink,7292658,12415.87,Westward,M,SPen
1989,Pink,7864318,12457.09,Southeastern,C,SEAK
2007,Chum,3085619,12696.18,Southeastern,B,SEAK
1996,Sockeye,4970390,12809.74,Westward,K,Kod
1998,Pink,8047998,12823.1,Westward,M,SPen
1997,Sockeye,4449602,12982.66,Central,H,CI
1988,Pink,8863871,13001.23,Southeastern,B,SEAK
1986,Sockeye,5029612,13011.92,Central,H,CI
1993,Sockeye,5003817,13186.9,Central,H,CI
1991,Sockeye,5704152,13228.06,Westward,K,Kod
1999,Pink,9698474,13236.94,Southeastern,D,SEAK
1993,Pink,9796277,13261.8,Southeastern,C,SEAK
1992,Pink,8637116,13319.87,Central,E,PWS
2010,Chum,4323309,13335.89,Central,E,PWS
2004,Pink,7978668,13424.31,Southeastern,D,SEAK
2013,Chum,4142976,13662.56,Southeastern,D,SEAK
2010,Chum,3338596,13697.32,Southeastern,B,SEAK
2005,Pink,9424892,13728.65,Westward,M,SPen
2013,Chum,4070524.98,13759.35,Central,E,PWS
2004,Sockeye,5067942,13871.24,Central,H,CI
1994,Pink,9179853,14020.11,Westward,M,SPen
1994,Pink,8162564,14114.12,Westward,K,Kod
2008,Chum,3586688,14152.32,Southeastern,A,SEAK
2003,Pink,8701937,14227.1,Southeastern,A,SEAK
2011,Chum,4502224,14242.47,Southeastern,A,SEAK
2001,Chum,3209457,14307.35,Southeastern,B,SEAK
2006,Chum,2924175,14444.57,Southeastern,B,SEAK
2010,Pink,8871051,14608.47,Westward,K,Kod
2004,Pink,8553824,14649.77,Southeastern,C,SEAK
2005,Pink,9203404,14696.41,Southeastern,D,SEAK
2000,Pink,9927397,14741.24,Westward,K,Kod
2008,Pink,8788655,14761.95,Westward,K,Kod
1992,Pink,9770386,14833.82,Westward,M,SPen
2005,Sockeye,5484572,14886.67,Central,H,CI
1993,Pink,9928107,15118.75,Westward,M,SPen
1991,Pink,10616756,15134.98,Westward,M,SPen
1989,Sockeye,5184634,15369.68,Central,H,CI
1995,Chum,3964732,15429.78,Southeastern,B,SEAK
1998,Pink,9641248,15671.01,Southeastern,D,SEAK
2000,Chum,3680165,15723.02,Southeastern,A,SEAK
2012,Chum,4196844,15734.13,Southeastern,A,SEAK
1994,Chum,4750176,15777.25,Southeastern,D,SEAK
2004,Chum,4382763,15822.51,Southeastern,D,SEAK
1986,Pink,11425794,15889.09,Central,E,PWS
2011,Pink,8945729,16109.54,Southeastern,B,SEAK
2013,Pink,11551348,16235.08,Southeastern,A,SEAK
2011,Sockeye,5676960,16443.06,Central,H,CI
1999,Pink,11898382,16493.41,Westward,K,Kod
2011,Chum,4387506,16725.75,Southeastern,B,SEAK
1995,Chum,4917353,16827.38,Southeastern,D,SEAK
1997,Pink,11035134,16906.96,Westward,K,Kod
1997,Chum,4271859,16923.79,Southeastern,D,SEAK
2014,Pink,10677933,16980.57,Westward,K,Kod
1999,Chum,3707822,17436.55,Southeastern,B,SEAK
2000,Pink,11215595,17459.03,Southeastern,B,SEAK
1997,Pink,9854627,17459.89,Southeastern,B,SEAK
2015,Pink,10869883,17601.05,Southeastern,A,SEAK
2000,Chum,3866729,17616.2,Southeastern,B,SEAK
2006,Chum,4510491,17782.16,Southeastern,A,SEAK
2004,Pink,11056862,17840.63,Southeastern,A,SEAK
2008,Chum,5076135,17854.36,Central,E,PWS
2006,Chum,4595367,18224.48,Southeastern,D,SEAK
2013,Chum,5485417.5,18379.09,Southeastern,A,SEAK
1994,Pink,13663802,18420.2,Southeastern,A,SEAK
2002,Pink,12340464,18486.39,Southeastern,C,SEAK
1988,Pink,11831407,18706.31,Central,E,PWS
2000,Chum,5163769,18820.71,Central,E,PWS
1997,Chum,4663093,18930.38,Southeastern,B,SEAK
1986,Pink,11809223,19585.97,Westward,K,Kod
2008,Pink,12724702,19640.11,Westward,M,SPen
2011,Pink,11945124,19785.34,Southeastern,C,SEAK
2015,Pink,11901794,19851.22,Southeastern,B,SEAK
1998,Chum,5429998,20233.25,Southeastern,D,SEAK
2008,Pink,12220152,20274.68,Southeastern,B,SEAK
1996,Chum,5050543,20418.85,Southeastern,B,SEAK
1999,Pink,15617071,20476.03,Southeastern,C,SEAK
2011,Pink,12050872,20580.78,Southeastern,D,SEAK
2015,Chum,4727802,20847.24,Southeastern,B,SEAK
2013,Pink,14981960,20851.62,Southeastern,D,SEAK
1988,Sockeye,7164900,21241.69,Central,H,CI
1991,Pink,16642841,22020.8,Westward,K,Kod
2003,Pink,14067235,22652.55,Westward,K,Kod
1994,Pink,16718148,22876.33,Southeastern,C,SEAK
2015,Pink,16715252,23835.95,Westward,M,SPen
2002,Chum,6373517,23851.39,Central,E,PWS
2012,Chum,5146367,24128.26,Southeastern,B,SEAK
2011,Pink,16648792,24242.93,Westward,K,Kod
1988,Pink,14564014,24958.32,Westward,K,Kod
2001,Pink,16876174,25136.59,Southeastern,C,SEAK
2010,Pink,12632026,25504.91,Southeastern,B,SEAK
2009,Pink,19001363,25872.9,Central,E,PWS
1995,Pink,16065231,25983.55,Central,E,PWS
1998,Sockeye,10038228,26158.28,Central,T,WAK
1995,Pink,16311942,26635.68,Westward,M,SPen
1999,Pink,21084620,26727.72,Southeastern,A,SEAK
1999,Chum,6617667,26767.19,Southeastern,D,SEAK
1996,Chum,6696542,27183.43,Southeastern,D,SEAK
1994,Pink,19746454,27200.62,Southeastern,B,SEAK
2003,Pink,17853548,27296.53,Southeastern,C,SEAK
2012,Pink,16874657,27412.44,Westward,K,Kod
1992,Sockeye,9300882,27613.15,Central,H,CI
2012,Pink,17395891,27656.95,Southeastern,B,SEAK
1992,Pink,18369694,27660.3,Southeastern,B,SEAK
2005,Pink,17482084,28127.17,Southeastern,A,SEAK
2004,Pink,17743658,28680.44,Southeastern,B,SEAK
2000,Chum,7143920,29307.58,Southeastern,D,SEAK
1987,Sockeye,9718105,29445.49,Central,H,CI
2002,Sockeye,10677961,29470.36,Central,T,WAK
2002,Pink,18950931,29844.22,Central,E,PWS
2013,Pink,21341214,29949.27,Southeastern,C,SEAK
1998,Chum,7197003,30424.57,Southeastern,B,SEAK
2001,Pink,19567163,30556.4,Westward,K,Kod
2002,Pink,18328638,30622.18,Westward,K,Kod
2002,Pink,22311358,32914.68,Southeastern,B,SEAK
1997,Sockeye,12159264,32978.53,Central,T,WAK
2009,Pink,23494359,33575.1,Southeastern,B,SEAK
1998,Pink,21589600,33698.15,Southeastern,B,SEAK
1989,Pink,21886466,34010.18,Central,E,PWS
2004,Pink,21440905,35417.24,Westward,K,Kod
2006,Pink,21722036,35510.93,Central,E,PWS
2003,Pink,22150950,36014.91,Southeastern,B,SEAK
1998,Pink,22062465,37089.07,Westward,K,Kod
2005,Pink,25201769,39146.56,Southeastern,B,SEAK
2004,Pink,23531483,39666.11,Central,E,PWS
1988,Sockeye,13989796,39785.02,Central,T,WAK
1985,Pink,25129419,40040.4,Central,E,PWS
2013,Pink,28197885,40450.49,Westward,K,Kod
2007,Pink,24811976,40915.1,Westward,K,Kod
1985,Pink,28073305,41327.92,Southeastern,B,SEAK
2009,Pink,27649940,41542.73,Westward,K,Kod
1996,Pink,26048812,41852.69,Central,E,PWS
2013,Sockeye,15431513,42015.52,Central,T,WAK
2003,Sockeye,14765652,42362.06,Central,T,WAK
1991,Pink,37135561,42680.44,Central,E,PWS
2011,Pink,26108665,42955.21,Southeastern,A,SEAK
1999,Pink,31448119,43104.54,Southeastern,B,SEAK
2001,Sockeye,14181090,43381.54,Central,T,WAK
1987,Sockeye,16068775,43444.5,Central,T,WAK
1986,Sockeye,15776065,43461.89,Central,T,WAK
1997,Pink,25836563,43949.96,Central,E,PWS
2007,Pink,26855594,44731.74,Southeastern,B,SEAK
2011,Pink,33403424,45302.94,Central,E,PWS
1993,Pink,33336885,45555.13,Southeastern,B,SEAK
1987,Pink,29358842,46371.3,Central,E,PWS
2005,Pink,30143827,46632.65,Westward,K,Kod
2014,Pink,29743027,46991.51,Southeastern,B,SEAK
1998,Pink,28694697,47364.55,Central,E,PWS
1993,Pink,34019420,48266.92,Westward,K,Kod
2012,Pink,27237360,48584.61,Central,E,PWS
2015,Pink,33029000,49679.78,Westward,K,Kod
1994,Pink,36886301,52189.93,Central,E,PWS
1991,Pink,41790856,52818.7,Southeastern,B,SEAK
2006,Pink,31694492,53246.33,Westward,K,Kod
2012,Sockeye,20919883,54164.06,Central,T,WAK
2001,Pink,35246524,54184.11,Central,E,PWS
1995,Pink,39479327,56631.11,Southeastern,B,SEAK
2000,Sockeye,20458968,56990.75,Central,T,WAK
1990,Pink,44165077,59657.36,Central,E,PWS
2001,Pink,40233432,59669.34,Southeastern,B,SEAK
2000,Pink,38885528,60287.02,Central,E,PWS
1999,Pink,45031400,60346.16,Central,E,PWS
2011,Sockeye,22108476,61219.7,Central,T,WAK
1985,Sockeye,23702883,61813.11,Central,T,WAK
2008,Pink,42353653,65107.7,Central,E,PWS
1986,Pink,43657533,65982.55,Southeastern,B,SEAK
1989,Pink,42595250,66119.01,Southeastern,B,SEAK
2014,Pink,44659329,67685.8,Central,E,PWS
1991,Sockeye,25821180,67833.21,Central,T,WAK
1995,Pink,42849309,68216.68,Westward,K,Kod
2004,Sockeye,26264895,68808.07,Central,T,WAK
1996,Pink,52041714,70170.27,Southeastern,B,SEAK
2005,Sockeye,24525350,70311.48,Central,T,WAK
2013,Pink,46912415,71308.22,Southeastern,B,SEAK
2008,Sockeye,27678466,72555.02,Central,T,WAK
2014,Sockeye,29125947,73597.51,Central,T,WAK
1989,Sockeye,28735306,74340.11,Central,T,WAK
2006,Sockeye,28493355,74615.8,Central,T,WAK
2010,Sockeye,29059815,77051.31,Central,T,WAK
2007,Sockeye,29773309,78646.72,Central,T,WAK
1992,Sockeye,31879676,82797.97,Central,T,WAK
2009,Sockeye,30924330,83242.02,Central,T,WAK
2003,Pink,51968721,83907.92,Central,E,PWS
1996,Sockeye,29592257,84342.16,Central,T,WAK
1990,Sockeye,33444279,87226.35,Central,T,WAK
2015,Sockeye,36442645,88236.79,Central,T,WAK
1994,Sockeye,35224050,88690.19,Central,T,WAK
2005,Pink,59944654,93691.03,Central,E,PWS
2007,Pink,63469830,96821.78,Central,E,PWS
1995,Sockeye,44268809,110457.65,Central,T,WAK
1993,Sockeye,40462551,110461.09,Central,T,WAK
2010,Pink,71309596,116253.99,Central,E,PWS
2013,Pink,92482235,116337.99,Central,E,PWS
2015,Pink,97333110,148374.21,Central,E,PWS
1990,Chinook,87531,,Southeastern,A,SEAK
1990,Chum,603425,,Southeastern,A,SEAK
1990,Sockeye,856435,,Southeastern,A,SEAK
1990,Steelhead,444,,Southeastern,A,SEAK
1990,Steelhead,1755,,Southeastern,B,SEAK
1990,Chinook,53302,,Southeastern,C,SEAK
1990,Chum,230697,,Southeastern,C,SEAK
1990,Coho,349378,,Southeastern,C,SEAK
1990,Pink,3350954,,Southeastern,C,SEAK
1990,Sockeye,215918,,Southeastern,C,SEAK
1990,Steelhead,1049,,Southeastern,C,SEAK
2003,Steelhead,1,,Southeastern,C,SEAK
1990,Steelhead,36,,Southeastern,D,SEAK
1985,Steelhead,,,Westward,M,WAK
1985,Steelhead,,,Westward,M,SPen
1986,Steelhead,,,Westward,M,WAK
1986,Steelhead,,,Westward,M,SPen
1987,Steelhead,,,Westward,M,WAK
1987,Steelhead,,,Westward,M,SPen
1988,Steelhead,,,Westward,M,WAK
1988,Steelhead,,,Westward,M,SPen
1989,Steelhead,,,Westward,M,WAK
1989,Steelhead,,,Westward,M,SPen
1990,Steelhead,,,Westward,M,WAK
1990,Steelhead,,,Westward,M,SPen
1991,Steelhead,,,Westward,M,WAK
1991,Steelhead,,,Westward,M,SPen
1992,Steelhead,,,Westward,M,WAK
1992,Steelhead,,,Westward,M,SPen
1993,Steelhead,,,Westward,M,WAK
1993,Steelhead,,,Westward,M,SPen
1994,Steelhead,,,Westward,M,WAK
1994,Steelhead,,,Westward,M,SPen
1995,Steelhead,,,Westward,M,WAK
1995,Steelhead,,,Westward,M,SPen
1996,Steelhead,,,Westward,M,WAK
1996,Steelhead,,,Westward,M,SPen
1997,Steelhead,,,Westward,M,WAK
1997,Steelhead,,,Westward,M,SPen
1998,Steelhead,,,Westward,M,WAK
1998,Steelhead,,,Westward,M,SPen
1999,Steelhead,,,Westward,M,WAK
1999,Steelhead,,,Westward,M,SPen
2000,Steelhead,,,Westward,M,WAK
2000,Steelhead,,,Westward,M,SPen
2001,Steelhead,,,Westward,M,WAK
2001,Steelhead,,,Westward,M,SPen
2002,Steelhead,,,Westward,M,WAK
2002,Steelhead,,,Westward,M,SPen
2003,Steelhead,,,Westward,M,WAK
2003,Steelhead,,,Westward,M,SPen
2004,Steelhead,,,Westward,M,WAK
2004,Steelhead,,,Westward,M,SPen
2005,Steelhead,,,Westward,M,WAK
2005,Steelhead,,,Westward,M,SPen
2006,Steelhead,,,Westward,M,WAK
2006,Steelhead,,,Westward,M,SPen
2007,Steelhead,,,Westward,M,WAK
2007,Steelhead,,,Westward,M,SPen
2008,Steelhead,,,Westward,M,WAK
2008,Steelhead,,,Westward,M,SPen
2009,Steelhead,,,Westward,M,WAK
2009,Steelhead,,,Westward,M,SPen
2010,Steelhead,,,Westward,M,WAK
2010,Steelhead,,,Westward,M,SPen
2011,Steelhead,,,Westward,M,WAK
2011,Steelhead,,,Westward,M,SPen
2012,Steelhead,,,Westward,M,WAK
2012,Steelhead,,,Westward,M,SPen
2013,Steelhead,,,Westward,M,WAK
2013,Steelhead,,,Westward,M,SPen
2014,Steelhead,,,Westward,M,WAK
2014,Steelhead,,,Westward,M,SPen
2015,Steelhead,,,Westward,M,WAK
2006,Pink,3,,A-Y-K,X,WAK
2006,Sockeye,5,,A-Y-K,X,WAK
2007,Coho,2,,A-Y-K,X,WAK
2015,Coho,6,,A-Y-K,X,WAK
2015,Pink,13,,A-Y-K,X,WAK
2015,Sockeye,6,,A-Y-K,X,WAK
,,,,,,
,,,,,,
,,,,,,
,,,,,,
,,,,,,
,,,,,,
,,,,,,
,,,,,,
,,,,,,
,,,,,,
,,,,,,
,,,,,,
,,,,,,
,,,,,,
,,,,,,
,,,,,,
,,,,,,
,,,,,,
,,,,,,
,,,,,,
,,,,,,
,,,,,,
,,,,,,
,,,,,,
,,,,,,
,,,,,,
,,,,,,
,,,,,,
,,,,,,
,,,,,,
,,,,,,
,,,,,,
,,,,,,
,,,,,,
,,,,,,
,,,,,,
,,,,,,
,,,,,,
,,,,,,
,,,,,,
,,,,,,
,,,,,,
,,,,,,
,,,,,,
,,,,,,
,,,,,,
,,,,,,
,,,,,,
,,,,,,
,,,,,,
,,,,,,
,,,,,,
,,,,,,
,,,,,,
,,,,,,
,,,,,,
,,,,,,
,,,,,,
,,,,,,
,,,,,,
,,,,,,
,,,,,,
,,,,,,
,,,,,,
,,,,,,
,,,,,,
,,,,,,
,,,,,,
,,,,,,
,,,,,,
,,,,,,
,,,,,,
,,32586,,,,